CardCode,CardName,Address,FederalTaxID,,,,,,,,,,,,,,,,,,,,,,,,,,,,,,,,,,,,,,,,,,,,,,,,,,,,,,,,,,,,,,,,,,,,,,,,,,,,,,,,,,,,,,,,,,,,,,DocumentLines__RowTotalSC,DocumentLines__LastBuyInmPrice,DocumentLines__LastBuyDistributeSumFc,DocumentLines__LastBuyDistributeSumSc,DocumentLines__LastBuyDistributeSum,DocumentLines__StockDistributesumForeign,DocumentLines__StockDistributesumSystem,DocumentLines__StockDistributesum,DocumentLines__StockInmPrice,DocumentLines__PickStatusEx,DocumentLines__TaxBeforeDPM,DocumentLines__TaxBeforeDPMFC,DocumentLines__TaxBeforeDPMSC,DocumentLines__CFOPCode,DocumentLines__CSTCode,DocumentLines__Usage,DocumentLines__TaxOnly,DocumentLines__VisualOrder,DocumentLines__BaseOpenQuantity,DocumentLines__UnitPrice,DocumentLines__LineStatus,DocumentLines__PackageQuantity,DocumentLines__Text,DocumentLines__LineType,DocumentLines__COGSCostingCode,DocumentLines__COGSAccountCode,DocumentLines__ChangeAssemlyBoMWarehouse,DocumentLines__GrossBuyPrice,DocumentLines__GrossBase,DocumentLines__GrossProfitTotalBasePrice,DocumentLines__CostingCode2,DocumentLines__CostingCode3,DocumentLines__CostingCode4,DocumentLines__CostingCode5,DocumentLines__ItemDetails,DocumentLines__LocationCode,DocumentLines__ActualDeliveryDate,DocumentLines__RemainingOpenQuantity,DocumentLines__OpenAmount,DocumentLines__OpenAmountFC,DocumentLines__OpenAmountSC,DocumentLines__ExLineNo,DocumentLines__RequiredDate,DocumentLines__RequiredQuantity,DocumentLines__COGSCostingCode2,DocumentLines__COGSCostingCode3,DocumentLines__COGSCostingCode4,DocumentLines__COGSCostingCode5,DocumentLines__CSTforIPI,DocumentLines__CSTforPIS,DocumentLines__CSTforCOFINS,DocumentLines__CreditOriginCode,DocumentLines__WithoutInventoryMovement,DocumentLines__AgreementNo,DocumentLines__AgreementRowNumber,DocumentLines__ActualBaseEntry,DocumentLines__ActualBaseLine,DocumentLines__DocEntry,DocumentLines__Surpluses,DocumentLines__DefectAndBreakup,DocumentLines__Shortages,DocumentLines__ConsiderQuantity,DocumentLines__PartialRetirement,DocumentLines__RetirementQuantity,DocumentLines__RetirementAPC,DocumentLines__ThirdParty,DocumentLines__PoNum,DocumentLines__PoItmNum,DocumentLines__ExpenseType,DocumentLines__ReceiptNumber,DocumentLines__ExpenseOperationType,DocumentLines__FederalTaxID,DocumentLines__GrossProfit,DocumentLines__GrossProfitFC,DocumentLines__GrossProfitSC,DocumentLines__PriceSource,DocumentLines__StgSeqNum,DocumentLines__StgEntry,DocumentLines__StgDesc,DocumentLines__UoMEntry,DocumentLines__UoMCode,DocumentLines__InventoryQuantity,DocumentLines__RemainingOpenInventoryQuantity,DocumentLines__ParentLineNum,DocumentLines__Incoterms,DocumentLines__TransportMode,DocumentLines__NatureOfTransaction,DocumentLines__DestinationCountryForImport,DocumentLines__DestinationRegionForImport,DocumentLines__OriginCountryForExport,DocumentLines__OriginRegionForExport,DocumentLines__ItemType,DocumentLines__ChangeInventoryQuantityIndependently,DocumentLines__FreeOfChargeBP,DocumentLines__SACEntry,DocumentLines__HSNEntry,DocumentLines__GrossPrice,DocumentLines__GrossTotal,DocumentLines__GrossTotalFC,DocumentLines__GrossTotalSC,DocumentLines__NCMCode,DocumentLines__NVECode,DocumentLines__IndEscala,DocumentLines__CtrSealQty,DocumentLines__CNJPMan,DocumentLines__CESTCode,DocumentLines__UFFiscalBenefitCode,DocumentLines__ReverseCharge,DocumentLines__ShipToCode,DocumentLines__ShipToDescription,DocumentLines__OwnerCode,DocumentLines__ExternalCalcTaxRate,DocumentLines__ExternalCalcTaxAmount,DocumentLines__ExternalCalcTaxAmountFC,DocumentLines__ExternalCalcTaxAmountSC,DocumentLines__StandardItemIdentification,DocumentLines__CommodityClassification,DocumentLines__UnencumberedReason,DocumentLines__CUSplit,DocumentLines__U_SEI_IDEX,DocumentLines__U_SEI_CODMIN,DocumentLines__U_SEI_ITEMIN,DocumentLines__U_SBO_CantBulto,DocumentLines__U_SBO_StockVentas,DocumentLines__LineTaxJurisdictions__JurisdictionCode,DocumentLines__LineTaxJurisdictions__JurisdictionType,DocumentLines__LineTaxJurisdictions__TaxAmount,DocumentLines__LineTaxJurisdictions__TaxAmountSC,DocumentLines__LineTaxJurisdictions__TaxAmountFC,DocumentLines__LineTaxJurisdictions__TaxRate,DocumentLines__LineTaxJurisdictions__DocEntry,DocumentLines__LineTaxJurisdictions__LineNumber,DocumentLines__LineTaxJurisdictions__RowSequence,DocumentLines__LineTaxJurisdictions__ExternalCalcTaxRate,DocumentLines__LineTaxJurisdictions__ExternalCalcTaxAmount,DocumentLines__LineTaxJurisdictions__ExternalCalcTaxAmountFC,DocumentLines__LineTaxJurisdictions__ExternalCalcTaxAmountSC
C77265624-6,ELECTRICIDAD Y CONTROL INDUSTRIAL CLAUDIO BRAVO E.I.R.L.,ISLA TIERRA DEL FUEGO 8630\r\rSANTIAGO\rCHILE,77265624-6,,,,,,,,,,,,,,,,,,,,,,,,,,,,,,,,,,,,,,,,,,,,,,,,,,,,,,,,,,,,,,,,,,,,,,,,,,,,,,,,,,,,,,,,,,,,,,89000.0,0.0,0.0,0.0,0.0,0.0,0.0,0.0,0.0,dlps_NotPicked,0.0,0.0,0.0,null,null,null,tNO,0,1.0,91753.0,bost_Close,1.0,,dlt_Regular,VICTORIA,510101001,N,56888.0,-5,56888.0,TABL,COM,null,null,null,null,null,0.0,89000.0,0.0,89000.0,null,null,0.0,TABL,COM,null,null,null,null,null,null,tNO,null,null,null,null,5080,0.0,0.0,0.0,tNO,tNO,0.0,0.0,tNO,null,null,null,null,null,null,32112.0,0.0,32112.0,dpsManual,null,null,null,-1,Manual,1.0,0.0,null,0,0,null,null,null,null,null,dit_Item,tNO,tNO,null,null,109186.0,105910.0,0.0,105910.0,-1,null,tNO,0.0,null,-1,null,tNO,DESPACHO,ISLA TIERRA DEL FUEGO 8630\r\rSANTIAGO\rCHILE,11,0.0,0.0,0.0,0.0,0,0,null,tNO,null,null,null,null,200.0,IVA,1,16910.0,16910.0,0.0,19.0,5080,0,0,0.0,0.0,0.0,0.0
C76397193-7,MODELING METAL LTDA.,JOSE JOAQUIN PEREZ 520\r\rSANTIAGO\rCHILE,76397193-7,,,,,,,,,,,,,,,,,,,,,,,,,,,,,,,,,,,,,,,,,,,,,,,,,,,,,,,,,,,,,,,,,,,,,,,,,,,,,,,,,,,,,,,,,,,,,,51200.0,0.0,0.0,0.0,0.0,0.0,0.0,0.0,0.0,dlps_NotPicked,0.0,0.0,0.0,null,null,null,tNO,0,40.0,1280.0,bost_Close,40.0,,dlt_Regular,VICTORIA,510101001,N,560.0,-5,22403.0,CBE,COM,null,null,null,null,null,0.0,51200.0,0.0,51200.0,null,null,0.0,CBE,COM,null,null,null,null,null,null,tNO,null,null,null,null,5084,0.0,0.0,0.0,tNO,tNO,0.0,0.0,tNO,null,null,null,null,null,null,28797.0,0.0,28797.0,dpsManual,null,null,null,-1,Manual,40.0,0.0,null,0,0,null,null,null,null,null,dit_Item,tNO,tNO,null,null,1523.0,60920.0,0.0,60920.0,-1,null,tNO,0.0,null,-1,null,tNO,DESPACHO,JOSE JOAQUIN PEREZ 520\r\rSANTIAGO\rCHILE,11,0.0,0.0,0.0,0.0,0,0,null,tNO,null,null,null,null,5123.0,IVA,1,9728.0,9728.0,0.0,19.0,5084,0,0,0.0,0.0,0.0,0.0
C77265624-6,ELECTRICIDAD Y CONTROL INDUSTRIAL CLAUDIO BRAVO E.I.R.L.,ISLA TIERRA DEL FUEGO 8630\r\rSANTIAGO\rCHILE,77265624-6,,,,,,,,,,,,,,,,,,,,,,,,,,,,,,,,,,,,,,,,,,,,,,,,,,,,,,,,,,,,,,,,,,,,,,,,,,,,,,,,,,,,,,,,,,,,,,21803.0,0.0,0.0,0.0,0.0,0.0,0.0,0.0,0.0,dlps_NotPicked,0.0,0.0,0.0,null,null,null,tNO,0,30.0,765.0,bost_Close,30.0,,dlt_Regular,VICTORIA,510101001,N,364.0,-5,10920.0,MISCELA,COM,null,null,null,null,null,0.0,21803.0,0.0,21803.0,null,null,0.0,MISCELA,COM,null,null,null,null,null,null,tNO,null,null,null,null,5081,0.0,0.0,0.0,tNO,tNO,0.0,0.0,tNO,null,null,null,null,null,null,10883.0,0.0,10883.0,dpsManual,null,null,null,-1,Manual,30.0,0.0,null,0,0,null,null,null,null,null,dit_Item,tNO,tNO,null,null,910.0,25950.0,0.0,25950.0,-1,null,tNO,0.0,null,-1,null,tNO,DESPACHO,ISLA TIERRA DEL FUEGO 8630\r\rSANTIAGO\rCHILE,11,0.0,0.0,0.0,0.0,0,0,null,tNO,null,null,null,null,3776.0,IVA,1,4143.0,4143.0,0.0,19.0,5081,0,0,0.0,0.0,0.0,0.0
C77038143-6,ELECTRICIDAD RUBEN JAQUE E.I.R.L.,ARLEGUI 263  601\r\rVIÑA DEL MAR\rCHILE,77038143-6,,,,,,,,,,,,,,,,,,,,,,,,,,,,,,,,,,,,,,,,,,,,,,,,,,,,,,,,,,,,,,,,,,,,,,,,,,,,,,,,,,,,,,,,,,,,,,36571.0,0.0,0.0,0.0,0.0,0.0,0.0,0.0,0.0,dlps_NotPicked,0.0,0.0,0.0,null,null,null,tNO,1,24.0,1604.0,bost_Close,24.0,,dlt_Regular,VICTORIA,510101001,N,854.0,-5,20496.0,MISCELA,COM,null,null,null,null,null,0.0,36571.0,0.0,36571.0,null,null,0.0,MISCELA,COM,null,null,null,null,null,null,tNO,null,null,null,null,5081,0.0,0.0,0.0,tNO,tNO,0.0,0.0,tNO,null,null,null,null,null,null,16075.0,0.0,16075.0,dpsManual,null,null,null,-1,Manual,24.0,0.0,null,0,0,null,null,null,null,null,dit_Item,tNO,tNO,null,null,1909.0,43536.0,0.0,43536.0,-1,null,tNO,0.0,null,-1,null,tNO,DESPACHO,ISLA TIERRA DEL FUEGO 8630\r\rSANTIAGO\rCHILE,11,0.0,0.0,0.0,0.0,0,0,null,tNO,null,null,null,null,4546.0,IVA,1,6948.0,6948.0,0.0,19.0,5081,1,1,0.0,0.0,0.0,0.0
C77038143-6,ELECTRICIDAD RUBEN JAQUE E.I.R.L.,ARLEGUI 263  601\r\rVIÑA DEL MAR\rCHILE,77038143-6,,,,,,,,,,,,,,,,,,,,,,,,,,,,,,,,,,,,,,,,,,,,,,,,,,,,,,,,,,,,,,,,,,,,,,,,,,,,,,,,,,,,,,,,,,,,,,5677.0,0.0,0.0,0.0,0.0,0.0,0.0,0.0,0.0,dlps_NotPicked,0.0,0.0,0.0,null,null,null,tNO,2,24.0,249.0,bost_Close,24.0,,dlt_Regular,VICTORIA,510101001,N,104.0,-5,2496.0,MISCELA,COM,null,null,null,null,null,0.0,5677.0,0.0,5677.0,null,null,0.0,MISCELA,COM,null,null,null,null,null,null,tNO,null,null,null,null,5081,0.0,0.0,0.0,tNO,tNO,0.0,0.0,tNO,null,null,null,null,null,null,3181.0,0.0,3181.0,dpsManual,null,null,null,-1,Manual,24.0,0.0,null,0,0,null,null,null,null,null,dit_Item,tNO,tNO,null,null,296.0,6768.0,0.0,6768.0,-1,null,tNO,0.0,null,-1,null,tNO,DESPACHO,ISLA TIERRA DEL FUEGO 8630\r\rSANTIAGO\rCHILE,11,0.0,0.0,0.0,0.0,0,0,null,tNO,null,null,null,null,6714.0,IVA,1,1079.0,1079.0,0.0,19.0,5081,2,2,0.0,0.0,0.0,0.0
C77108943-7,SOCIEDAD COMERCIAL PROTON SPA,LAS GAVIOTAS 10971 EL OBSERVATORIO\r\rSANTIAGO\rCHILE,77108943-7,,,,,,,,,,,,,,,,,,,,,,,,,,,,,,,,,,,,,,,,,,,,,,,,,,,,,,,,,,,,,,,,,,,,,,,,,,,,,,,,,,,,,,,,,,,,,,117135.0,0.0,0.0,0.0,0.0,0.0,0.0,0.0,0.0,dlps_NotPicked,0.0,0.0,0.0,null,null,null,tNO,3,10.0,12330.0,bost_Close,10.0,,dlt_Regular,VICTORIA,510101001,N,6877.0,-5,68770.0,MISCELA,COM,null,null,null,null,null,0.0,117135.0,0.0,117135.0,null,null,0.0,MISCELA,COM,null,null,null,null,null,null,tNO,null,null,null,null,5081,0.0,0.0,0.0,tNO,tNO,0.0,0.0,tNO,null,null,null,null,null,null,48365.0,0.0,48365.0,dpsManual,null,null,null,-1,Manual,10.0,0.0,null,0,0,null,null,null,null,null,dit_Item,tNO,tNO,null,null,14673.0,139400.0,0.0,139400.0,-1,null,tNO,0.0,null,-1,null,tNO,DESPACHO,ISLA TIERRA DEL FUEGO 8630\r\rSANTIAGO\rCHILE,11,0.0,0.0,0.0,0.0,0,0,null,tNO,null,null,null,null,1394.0,IVA,1,22255.0,22255.0,0.0,19.0,5081,3,3,0.0,0.0,0.0,0.0
C77019732-5,SERVICIOS ELECTRICOS FJM SPA,JORGE ALESSANDRI RODRIGUEZ 18418 LOMAS MIRASUR\r\rSANTIAGO\rCHILE,77019732-5,,,,,,,,,,,,,,,,,,,,,,,,,,,,,,,,,,,,,,,,,,,,,,,,,,,,,,,,,,,,,,,,,,,,,,,,,,,,,,,,,,,,,,,,,,,,,,32545.0,0.0,0.0,0.0,0.0,0.0,0.0,0.0,0.0,dlps_NotPicked,0.0,0.0,0.0,null,null,null,tNO,4,2.0,17129.0,bost_Close,2.0,,dlt_Regular,VICTORIA,510101001,N,10888.0,-5,21775.0,COBRE,COM,null,null,null,null,null,0.0,32545.0,0.0,32545.0,null,null,0.0,COBRE,COM,null,null,null,null,null,null,tNO,null,null,null,null,5081,0.0,0.0,0.0,tNO,tNO,0.0,0.0,tNO,null,null,null,null,null,null,10770.0,0.0,10770.0,dpsManual,null,null,null,-1,Manual,2.0,0.0,null,0,0,null,null,null,null,null,dit_Item,tNO,tNO,null,null,20384.0,38730.0,0.0,38730.0,-1,null,tNO,0.0,null,-1,null,tNO,DESPACHO,ISLA TIERRA DEL FUEGO 8630\r\rSANTIAGO\rCHILE,11,0.0,0.0,0.0,0.0,0,0,null,tNO,null,null,null,null,881.0,IVA,1,6184.0,6184.0,0.0,19.0,5081,4,4,0.0,0.0,0.0,0.0
C6422831-5,JOSE MANUEL GARRIDO ORELLANA,ANTOFAGASTA 2822\r\rSANTIAGO\rCHILE,6422831-5,,,,,,,,,,,,,,,,,,,,,,,,,,,,,,,,,,,,,,,,,,,,,,,,,,,,,,,,,,,,,,,,,,,,,,,,,,,,,,,,,,,,,,,,,,,,,,8379.0,0.0,0.0,0.0,0.0,0.0,0.0,0.0,0.0,dlps_NotPicked,0.0,0.0,0.0,null,null,null,tNO,5,5.0,1764.0,bost_Close,5.0,,dlt_Regular,VICTORIA,510101001,N,955.0,-5,4775.0,MISCELA,COM,null,null,null,null,null,0.0,8379.0,0.0,8379.0,null,null,0.0,MISCELA,COM,null,null,null,null,null,null,tNO,null,null,null,null,5081,0.0,0.0,0.0,tNO,tNO,0.0,0.0,tNO,null,null,null,null,null,null,3604.0,0.0,3604.0,dpsManual,null,null,null,-1,Manual,5.0,0.0,null,0,0,null,null,null,null,null,dit_Item,tNO,tNO,null,null,2099.0,9970.0,0.0,9970.0,-1,null,tNO,0.0,null,-1,null,tNO,DESPACHO,ISLA TIERRA DEL FUEGO 8630\r\rSANTIAGO\rCHILE,11,0.0,0.0,0.0,0.0,0,0,null,tNO,null,null,null,null,1918.0,IVA,1,1592.0,1592.0,0.0,19.0,5081,5,5,0.0,0.0,0.0,0.0
C76095891-3,EUROLUZ CHILE LTDA.,AV. VICUÑA MACKENNA 1436\r\rSANTIAGO\rCHILE,76095891-3,,,,,,,,,,,,,,,,,,,,,,,,,,,,,,,,,,,,,,,,,,,,,,,,,,,,,,,,,,,,,,,,,,,,,,,,,,,,,,,,,,,,,,,,,,,,,,6199.0,0.0,0.0,0.0,0.0,0.0,0.0,0.0,0.0,dlps_NotPicked,0.0,0.0,0.0,null,null,null,tNO,6,5.0,1305.0,bost_Close,5.0,,dlt_Regular,VICTORIA,510101001,N,724.0,-5,3620.0,MISCELA,COM,null,null,null,null,null,0.0,6199.0,0.0,6199.0,null,null,0.0,MISCELA,COM,null,null,null,null,null,null,tNO,null,null,null,null,5081,0.0,0.0,0.0,tNO,tNO,0.0,0.0,tNO,null,null,null,null,null,null,2579.0,0.0,2579.0,dpsManual,null,null,null,-1,Manual,5.0,0.0,null,0,0,null,null,null,null,null,dit_Item,tNO,tNO,null,null,1553.0,7380.0,0.0,7380.0,-1,null,tNO,0.0,null,-1,null,tNO,DESPACHO,ISLA TIERRA DEL FUEGO 8630\r\rSANTIAGO\rCHILE,11,0.0,0.0,0.0,0.0,0,0,null,tNO,null,null,null,null,1111.0,IVA,1,1178.0,1178.0,0.0,19.0,5081,6,6,0.0,0.0,0.0,0.0
C77290304-9,IV INGENIERIA SPA,TEATINOS 251\r\rSANTIAGO\rCHILE,77290304-9,,,,,,,,,,,,,,,,,,,,,,,,,,,,,,,,,,,,,,,,,,,,,,,,,,,,,,,,,,,,,,,,,,,,,,,,,,,,,,,,,,,,,,,,,,,,,,17998.0,0.0,0.0,0.0,0.0,0.0,0.0,0.0,0.0,dlps_NotPicked,0.0,0.0,0.0,null,null,null,tNO,7,5.0,3789.0,bost_Close,5.0,,dlt_Regular,VICTORIA,510101001,N,2117.0,-5,10585.0,MISCELA,COM,null,null,null,null,null,0.0,17998.0,0.0,17998.0,null,null,0.0,MISCELA,COM,null,null,null,null,null,null,tNO,null,null,null,null,5081,0.0,0.0,0.0,tNO,tNO,0.0,0.0,tNO,null,null,null,null,null,null,7413.0,0.0,7413.0,dpsManual,null,null,null,-1,Manual,5.0,0.0,null,0,0,null,null,null,null,null,dit_Item,tNO,tNO,null,null,4509.0,21420.0,0.0,21420.0,-1,null,tNO,0.0,null,-1,null,tNO,DESPACHO,ISLA TIERRA DEL FUEGO 8630\r\rSANTIAGO\rCHILE,11,0.0,0.0,0.0,0.0,0,0,null,tNO,null,null,null,null,2303.0,IVA,1,3420.0,3420.0,0.0,19.0,5081,7,7,0.0,0.0,0.0,0.0
C76366101-6,ENERGY PRO SPA,ANTILLANCA 9090 OF. 96\r\rSANTIAGO\rCHILE,76366101-6,,,,,,,,,,,,,,,,,,,,,,,,,,,,,,,,,,,,,,,,,,,,,,,,,,,,,,,,,,,,,,,,,,,,,,,,,,,,,,,,,,,,,,,,,,,,,,14771.0,0.0,0.0,0.0,0.0,0.0,0.0,0.0,0.0,dlps_NotPicked,0.0,0.0,0.0,null,null,null,tNO,8,2.0,7774.0,bost_Close,2.0,,dlt_Regular,VICTORIA,510101001,N,4310.0,-5,8620.0,MISCELA,COM,null,null,null,null,null,0.0,14771.0,0.0,14771.0,null,null,0.0,MISCELA,COM,null,null,null,null,null,null,tNO,null,null,null,null,5081,0.0,0.0,0.0,tNO,tNO,0.0,0.0,tNO,null,null,null,null,null,null,6151.0,0.0,6151.0,dpsManual,null,null,null,-1,Manual,2.0,0.0,null,0,0,null,null,null,null,null,dit_Item,tNO,tNO,null,null,9251.0,17576.0,0.0,17576.0,-1,null,tNO,0.0,null,-1,null,tNO,DESPACHO,ISLA TIERRA DEL FUEGO 8630\r\rSANTIAGO\rCHILE,11,0.0,0.0,0.0,0.0,0,0,null,tNO,null,null,null,null,301.0,IVA,1,2806.0,2806.0,0.0,19.0,5081,8,8,0.0,0.0,0.0,0.0
C76397193-7,MODELING METAL LTDA.,JOSE JOAQUIN PEREZ 520\r\rSANTIAGO\rCHILE,76397193-7,,,,,,,,,,,,,,,,,,,,,,,,,,,,,,,,,,,,,,,,,,,,,,,,,,,,,,,,,,,,,,,,,,,,,,,,,,,,,,,,,,,,,,,,,,,,,,17224.0,0.0,0.0,0.0,0.0,0.0,0.0,0.0,0.0,dlps_NotPicked,0.0,0.0,0.0,null,null,null,tNO,9,5.0,3626.0,bost_Close,5.0,,dlt_Regular,VICTORIA,510101001,N,2006.0,-5,10029.0,MISCELA,COM,null,null,null,null,null,0.0,17224.0,0.0,17224.0,null,null,0.0,MISCELA,COM,null,null,null,null,null,null,tNO,null,null,null,null,5081,0.0,0.0,0.0,tNO,tNO,0.0,0.0,tNO,null,null,null,null,null,null,7195.0,0.0,7195.0,dpsManual,null,null,null,-1,Manual,5.0,0.0,null,0,0,null,null,null,null,null,dit_Item,tNO,tNO,null,null,4315.0,20495.0,0.0,20495.0,-1,null,tNO,0.0,null,-1,null,tNO,DESPACHO,ISLA TIERRA DEL FUEGO 8630\r\rSANTIAGO\rCHILE,11,0.0,0.0,0.0,0.0,0,0,null,tNO,null,null,null,null,570.0,IVA,1,3273.0,3273.0,0.0,19.0,5081,9,9,0.0,0.0,0.0,0.0
C77290304-9,IV INGENIERIA SPA,TEATINOS 251\r\rSANTIAGO\rCHILE,77290304-9,,,,,,,,,,,,,,,,,,,,,,,,,,,,,,,,,,,,,,,,,,,,,,,,,,,,,,,,,,,,,,,,,,,,,,,,,,,,,,,,,,,,,,,,,,,,,,9077.0,0.0,0.0,0.0,0.0,0.0,0.0,0.0,0.0,dlps_NotPicked,0.0,0.0,0.0,null,null,null,tNO,10,5.0,1911.0,bost_Close,5.0,,dlt_Regular,VICTORIA,510101001,N,655.0,-5,3275.0,MISCELA,COM,null,null,null,null,null,0.0,9077.0,0.0,9077.0,null,null,0.0,MISCELA,COM,null,null,null,null,null,null,tNO,null,null,null,null,5081,0.0,0.0,0.0,tNO,tNO,0.0,0.0,tNO,null,null,null,null,null,null,5802.0,0.0,5802.0,dpsManual,null,null,null,-1,Manual,5.0,0.0,null,0,0,null,null,null,null,null,dit_Item,tNO,tNO,null,null,2274.0,10800.0,0.0,10800.0,-1,null,tNO,0.0,null,-1,null,tNO,DESPACHO,ISLA TIERRA DEL FUEGO 8630\r\rSANTIAGO\rCHILE,11,0.0,0.0,0.0,0.0,0,0,null,tNO,null,null,null,null,149.0,IVA,1,1725.0,1725.0,0.0,19.0,5081,10,10,0.0,0.0,0.0,0.0
C76450142-K,DEC INGENIERIA SPA,ALVAREZ DE TOLEDO\r\rSANTIAGO\rCHILE,76450142-K,,,,,,,,,,,,,,,,,,,,,,,,,,,,,,,,,,,,,,,,,,,,,,,,,,,,,,,,,,,,,,,,,,,,,,,,,,,,,,,,,,,,,,,,,,,,,,21295.0,0.0,0.0,0.0,0.0,0.0,0.0,0.0,0.0,dlps_NotPicked,0.0,0.0,0.0,null,null,null,tNO,11,2.0,11208.0,bost_Close,2.0,,dlt_Regular,VICTORIA,510101001,N,6910.0,-5,13820.0,COBRE,COM,null,null,null,null,null,0.0,21295.0,0.0,21295.0,null,null,0.0,COBRE,COM,null,null,null,null,null,null,tNO,null,null,null,null,5081,0.0,0.0,0.0,tNO,tNO,0.0,0.0,tNO,null,null,null,null,null,null,7475.0,0.0,7475.0,dpsManual,null,null,null,-1,Manual,2.0,0.0,null,0,0,null,null,null,null,null,dit_Item,tNO,tNO,null,null,13338.0,25342.0,0.0,25342.0,-1,null,tNO,0.0,null,-1,null,tNO,DESPACHO,ISLA TIERRA DEL FUEGO 8630\r\rSANTIAGO\rCHILE,11,0.0,0.0,0.0,0.0,0,0,null,tNO,null,null,null,null,1945.0,IVA,1,4046.0,4046.0,0.0,19.0,5081,11,11,0.0,0.0,0.0,0.0
C76865812-9,VIDRIOS Y CRISTALES EL COLOSO S.A,PUMA 1357\r\rSANTIAGO\rCHILE,76865812-9,,,,,,,,,,,,,,,,,,,,,,,,,,,,,,,,,,,,,,,,,,,,,,,,,,,,,,,,,,,,,,,,,,,,,,,,,,,,,,,,,,,,,,,,,,,,,,1724.0,0.0,0.0,0.0,0.0,0.0,0.0,0.0,0.0,dlps_NotPicked,0.0,0.0,0.0,null,null,null,tNO,12,5.0,363.0,bost_Close,5.0,,dlt_Regular,VICTORIA,510101001,N,196.0,-5,978.0,MISCELA,COM,null,null,null,null,null,0.0,1724.0,0.0,1724.0,null,null,0.0,MISCELA,COM,null,null,null,null,null,null,tNO,null,null,null,null,5081,0.0,0.0,0.0,tNO,tNO,0.0,0.0,tNO,null,null,null,null,null,null,746.0,0.0,746.0,dpsManual,null,null,null,-1,Manual,5.0,0.0,null,0,0,null,null,null,null,null,dit_Item,tNO,tNO,null,null,432.0,2055.0,0.0,2055.0,-1,null,tNO,0.0,null,-1,null,tNO,DESPACHO,ISLA TIERRA DEL FUEGO 8630\r\rSANTIAGO\rCHILE,11,0.0,0.0,0.0,0.0,0,0,null,tNO,null,null,null,null,10036.0,IVA,1,328.0,328.0,0.0,19.0,5081,12,12,0.0,0.0,0.0,0.0
C76097902-3,CHILE SUPPLY S.A.,SAN ISIDRO 45 OF. 803\r\rSANTIAGO\rCHILE,76097902-3,,,,,,,,,,,,,,,,,,,,,,,,,,,,,,,,,,,,,,,,,,,,,,,,,,,,,,,,,,,,,,,,,,,,,,,,,,,,,,,,,,,,,,,,,,,,,,7923.0,0.0,0.0,0.0,0.0,0.0,0.0,0.0,0.0,dlps_NotPicked,0.0,0.0,0.0,null,null,null,tNO,13,20.0,417.0,bost_Close,20.0,,dlt_Regular,VICTORIA,510101001,N,228.0,-5,4556.0,MISCELA,COM,null,null,null,null,null,0.0,7923.0,0.0,7923.0,null,null,0.0,MISCELA,COM,null,null,null,null,null,null,tNO,null,null,null,null,5081,0.0,0.0,0.0,tNO,tNO,0.0,0.0,tNO,null,null,null,null,null,null,3367.0,0.0,3367.0,dpsManual,null,null,null,-1,Manual,20.0,0.0,null,0,0,null,null,null,null,null,dit_Item,tNO,tNO,null,null,496.0,9420.0,0.0,9420.0,-1,null,tNO,0.0,null,-1,null,tNO,DESPACHO,ISLA TIERRA DEL FUEGO 8630\r\rSANTIAGO\rCHILE,11,0.0,0.0,0.0,0.0,0,0,null,tNO,null,null,null,null,11634.0,IVA,1,1505.0,1505.0,0.0,19.0,5081,13,13,0.0,0.0,0.0,0.0
C76939944-5,GP INGENIERIA Y SERVICIO SPA,LA UNION 8860\r\rSANTIAGO\rCHILE,76939944-5,,,,,,,,,,,,,,,,,,,,,,,,,,,,,,,,,,,,,,,,,,,,,,,,,,,,,,,,,,,,,,,,,,,,,,,,,,,,,,,,,,,,,,,,,,,,,,3700.0,0.0,0.0,0.0,0.0,0.0,0.0,0.0,0.0,dlps_NotPicked,0.0,0.0,0.0,null,null,null,tNO,14,5.0,779.0,bost_Close,5.0,,dlt_Regular,VICTORIA,510101001,N,417.0,-5,2083.0,MISCELA,COM,null,null,null,null,null,0.0,3700.0,0.0,3700.0,null,null,0.0,MISCELA,COM,null,null,null,null,null,null,tNO,null,null,null,null,5081,0.0,0.0,0.0,tNO,tNO,0.0,0.0,tNO,null,null,null,null,null,null,1617.0,0.0,1617.0,dpsManual,null,null,null,-1,Manual,5.0,0.0,null,0,0,null,null,null,null,null,dit_Item,tNO,tNO,null,null,927.0,4405.0,0.0,4405.0,-1,null,tNO,0.0,null,-1,null,tNO,DESPACHO,ISLA TIERRA DEL FUEGO 8630\r\rSANTIAGO\rCHILE,11,0.0,0.0,0.0,0.0,0,0,null,tNO,null,null,null,null,9301.0,IVA,1,703.0,703.0,0.0,19.0,5081,14,14,0.0,0.0,0.0,0.0
C76780608-6,BELECTRIC SPA,CARMEN COVARRUBIAS 32 OF.211\r\rSANTIAGO\rCHILE,76780608-6,,,,,,,,,,,,,,,,,,,,,,,,,,,,,,,,,,,,,,,,,,,,,,,,,,,,,,,,,,,,,,,,,,,,,,,,,,,,,,,,,,,,,,,,,,,,,,4213.0,0.0,0.0,0.0,0.0,0.0,0.0,0.0,0.0,dlps_NotPicked,0.0,0.0,0.0,null,null,null,tNO,15,5.0,887.0,bost_Close,5.0,,dlt_Regular,VICTORIA,510101001,N,476.0,-5,2381.0,MISCELA,COM,null,null,null,null,null,0.0,4213.0,0.0,4213.0,null,null,0.0,MISCELA,COM,null,null,null,null,null,null,tNO,null,null,null,null,5081,0.0,0.0,0.0,tNO,tNO,0.0,0.0,tNO,null,null,null,null,null,null,1832.0,0.0,1832.0,dpsManual,null,null,null,-1,Manual,5.0,0.0,null,0,0,null,null,null,null,null,dit_Item,tNO,tNO,null,null,1056.0,5015.0,0.0,5015.0,-1,null,tNO,0.0,null,-1,null,tNO,DESPACHO,ISLA TIERRA DEL FUEGO 8630\r\rSANTIAGO\rCHILE,11,0.0,0.0,0.0,0.0,0,0,null,tNO,null,null,null,null,6066.0,IVA,1,800.0,800.0,0.0,19.0,5081,15,15,0.0,0.0,0.0,0.0
C76780608-6,BELECTRIC SPA,CARMEN COVARRUBIAS 32 OF.211\r\rSANTIAGO\rCHILE,76780608-6,,,,,,,,,,,,,,,,,,,,,,,,,,,,,,,,,,,,,,,,,,,,,,,,,,,,,,,,,,,,,,,,,,,,,,,,,,,,,,,,,,,,,,,,,,,,,,78501.0,0.0,0.0,0.0,0.0,0.0,0.0,0.0,0.0,dlps_NotPicked,0.0,0.0,0.0,null,null,null,tNO,0,3.0,26167.0,bost_Close,3.0,,dlt_Regular,VICTORIA,510101001,N,17103.0,-5,51309.0,MISCELA,COM,null,null,null,null,null,0.0,78501.0,0.0,78501.0,null,null,0.0,MISCELA,COM,null,null,null,null,null,null,tNO,null,null,null,null,5207,0.0,0.0,0.0,tNO,tNO,0.0,0.0,tNO,null,null,null,null,null,null,27192.0,0.0,27192.0,dpsManual,null,null,null,-1,Manual,3.0,0.0,null,0,0,null,null,null,null,null,dit_Item,tNO,tNO,null,null,31139.0,93417.0,0.0,93417.0,-1,null,tNO,0.0,null,-1,null,tNO,DESPACHO,LAS GAVIOTAS 10971 EL OBSERVATORIO\r\rSANTIAGO\rCHILE,11,0.0,0.0,0.0,0.0,0,0,null,tNO,null,null,null,null,79.0,IVA,1,14915.0,14915.0,0.0,19.0,5207,0,0,0.0,0.0,0.0,0.0
C76099496-0,PUNTO SOLAR EIRL,MEDINACELLI 1080\r\rSANTIAGO\rCHILE,76099496-0,,,,,,,,,,,,,,,,,,,,,,,,,,,,,,,,,,,,,,,,,,,,,,,,,,,,,,,,,,,,,,,,,,,,,,,,,,,,,,,,,,,,,,,,,,,,,,12980.0,0.0,0.0,0.0,0.0,0.0,0.0,0.0,0.0,dlps_NotPicked,0.0,0.0,0.0,null,null,null,tNO,1,10.0,1298.0,bost_Close,10.0,,dlt_Regular,VICTORIA,510101001,N,705.0,-5,7047.0,MISCELA,COM,null,null,null,null,null,0.0,12980.0,0.0,12980.0,null,null,0.0,MISCELA,COM,null,null,null,null,null,null,tNO,null,null,null,null,5236,0.0,0.0,0.0,tNO,tNO,0.0,0.0,tNO,null,null,null,null,null,null,5933.0,0.0,5933.0,dpsManual,null,null,null,-1,Manual,10.0,0.0,null,0,0,null,null,null,null,null,dit_Item,tNO,tNO,null,null,1545.0,15450.0,0.0,15450.0,-1,null,tNO,0.0,null,-1,null,tNO,DESPACHO,JORGE ALESSANDRI RODRIGUEZ 18418 LOMAS MIRASUR\r\rSANTIAGO\rCHILE,11,0.0,0.0,0.0,0.0,0,0,null,tNO,null,null,null,null,94.0,IVA,1,2466.0,2466.0,0.0,19.0,5236,1,1,0.0,0.0,0.0,0.0
,,,,,,,,,,,,,,,,,,,,,,,,,,,,,,,,,,,,,,,,,,,,,,,,,,,,,,,,,,,,,,,,,,,,,,,,,,,,,,,,,,,,,,,,,,,,,,,,,2336.0,0.0,0.0,0.0,0.0,0.0,0.0,0.0,0.0,dlps_NotPicked,0.0,0.0,0.0,null,null,null,tNO,18,1.0,2459.0,bost_Close,1.0,,dlt_Regular,VICTORIA,510101001,N,1353.0,-5,1353.0,MISCELA,COM,null,null,null,null,null,0.0,2336.0,0.0,2336.0,null,null,0.0,MISCELA,COM,null,null,null,null,null,null,tNO,null,null,null,null,5081,0.0,0.0,0.0,tNO,tNO,0.0,0.0,tNO,null,null,null,null,null,null,983.0,0.0,983.0,dpsManual,null,null,null,-1,Manual,1.0,0.0,null,0,0,null,null,null,null,null,dit_Item,tNO,tNO,null,null,2926.0,2780.0,0.0,2780.0,-1,null,tNO,0.0,null,-1,null,tNO,DESPACHO,ISLA TIERRA DEL FUEGO 8630\r\rSANTIAGO\rCHILE,11,0.0,0.0,0.0,0.0,0,0,null,tNO,null,null,null,null,247.0,IVA,1,444.0,444.0,0.0,19.0,5081,18,18,0.0,0.0,0.0,0.0
,,,,,,,,,,,,,,,,,,,,,,,,,,,,,,,,,,,,,,,,,,,,,,,,,,,,,,,,,,,,,,,,,,,,,,,,,,,,,,,,,,,,,,,,,,,,,,,,,2997.0,0.0,0.0,0.0,0.0,0.0,0.0,0.0,0.0,dlps_NotPicked,0.0,0.0,0.0,null,null,null,tNO,19,1.0,3155.0,bost_Close,1.0,,dlt_Regular,VICTORIA,510101001,N,1664.0,-5,1664.0,MISCELA,COM,null,null,null,null,null,0.0,2997.0,0.0,2997.0,null,null,0.0,MISCELA,COM,null,null,null,null,null,null,tNO,null,null,null,null,5081,0.0,0.0,0.0,tNO,tNO,0.0,0.0,tNO,null,null,null,null,null,null,1333.0,0.0,1333.0,dpsManual,null,null,null,-1,Manual,1.0,0.0,null,0,0,null,null,null,null,null,dit_Item,tNO,tNO,null,null,3754.0,3566.0,0.0,3566.0,-1,null,tNO,0.0,null,-1,null,tNO,DESPACHO,ISLA TIERRA DEL FUEGO 8630\r\rSANTIAGO\rCHILE,11,0.0,0.0,0.0,0.0,0,0,null,tNO,null,null,null,null,225.0,IVA,1,568.0,568.0,0.0,19.0,5081,19,19,0.0,0.0,0.0,0.0
,,,,,,,,,,,,,,,,,,,,,,,,,,,,,,,,,,,,,,,,,,,,,,,,,,,,,,,,,,,,,,,,,,,,,,,,,,,,,,,,,,,,,,,,,,,,,,,,,10412.0,0.0,0.0,0.0,0.0,0.0,0.0,0.0,0.0,dlps_NotPicked,0.0,0.0,0.0,null,null,null,tNO,0,4.0,2603.0,bost_Close,4.0,,dlt_Regular,VICTORIA,510101001,N,1885.0,-5,7541.0,TABL,COM,null,null,null,null,null,0.0,10412.0,0.0,10412.0,null,null,0.0,TABL,COM,null,null,null,null,null,null,tNO,null,null,null,null,5088,0.0,0.0,0.0,tNO,tNO,0.0,0.0,tNO,null,null,null,null,null,null,2871.0,0.0,2871.0,dpsManual,null,null,null,-1,Manual,4.0,0.0,null,0,0,null,null,null,null,null,dit_Item,tNO,tNO,null,null,3098.0,12392.0,0.0,12392.0,-1,null,tNO,0.0,null,-1,null,tNO,DESPACHO,ARLEGUI 263  601\r\rVIÑA DEL MAR\rCHILE,11,0.0,0.0,0.0,0.0,0,0,null,tNO,null,null,null,null,114.0,IVA,1,1978.0,1978.0,0.0,19.0,5088,0,0,0.0,0.0,0.0,0.0
,,,,,,,,,,,,,,,,,,,,,,,,,,,,,,,,,,,,,,,,,,,,,,,,,,,,,,,,,,,,,,,,,,,,,,,,,,,,,,,,,,,,,,,,,,,,,,,,,23228.0,0.0,0.0,0.0,0.0,0.0,0.0,0.0,0.0,dlps_NotPicked,0.0,0.0,0.0,null,null,null,tNO,1,4.0,5807.0,bost_Close,4.0,,dlt_Regular,VICTORIA,510101001,N,3358.0,-5,13432.0,CBE,COM,null,null,null,null,null,0.0,23228.0,0.0,23228.0,null,null,0.0,CBE,COM,null,null,null,null,null,null,tNO,null,null,null,null,5088,0.0,0.0,0.0,tNO,tNO,0.0,0.0,tNO,null,null,null,null,null,null,9796.0,0.0,9796.0,dpsManual,null,null,null,-1,Manual,4.0,0.0,null,0,0,null,null,null,null,null,dit_Item,tNO,tNO,null,null,6910.0,27640.0,0.0,27640.0,-1,null,tNO,0.0,null,-1,null,tNO,DESPACHO,ARLEGUI 263  601\r\rVIÑA DEL MAR\rCHILE,11,0.0,0.0,0.0,0.0,0,0,null,tNO,null,null,null,null,1233.0,IVA,1,4413.0,4413.0,0.0,19.0,5088,1,1,0.0,0.0,0.0,0.0
,,,,,,,,,,,,,,,,,,,,,,,,,,,,,,,,,,,,,,,,,,,,,,,,,,,,,,,,,,,,,,,,,,,,,,,,,,,,,,,,,,,,,,,,,,,,,,,,,15404.0,0.0,0.0,0.0,0.0,0.0,0.0,0.0,0.0,dlps_NotPicked,0.0,0.0,0.0,null,null,null,tNO,2,4.0,3851.0,bost_Close,4.0,,dlt_Regular,VICTORIA,510101001,N,2494.0,-5,9974.0,CBE,COM,null,null,null,null,null,0.0,15404.0,0.0,15404.0,null,null,0.0,CBE,COM,null,null,null,null,null,null,tNO,null,null,null,null,5088,0.0,0.0,0.0,tNO,tNO,0.0,0.0,tNO,null,null,null,null,null,null,5430.0,0.0,5430.0,dpsManual,null,null,null,-1,Manual,4.0,0.0,null,0,0,null,null,null,null,null,dit_Item,tNO,tNO,null,null,4583.0,18332.0,0.0,18332.0,-1,null,tNO,0.0,null,-1,null,tNO,DESPACHO,ARLEGUI 263  601\r\rVIÑA DEL MAR\rCHILE,11,0.0,0.0,0.0,0.0,0,0,null,tNO,null,null,null,null,1963.0,IVA,1,2927.0,2927.0,0.0,19.0,5088,2,2,0.0,0.0,0.0,0.0
,,,,,,,,,,,,,,,,,,,,,,,,,,,,,,,,,,,,,,,,,,,,,,,,,,,,,,,,,,,,,,,,,,,,,,,,,,,,,,,,,,,,,,,,,,,,,,,,,14786.0,0.0,0.0,0.0,0.0,0.0,0.0,0.0,0.0,dlps_NotPicked,0.0,0.0,0.0,null,null,null,tNO,0,2.0,7393.0,bost_Close,2.0,,dlt_Regular,VICTORIA,510101001,N,4280.0,-5,8559.0,MISCELA,COM,null,null,null,null,null,0.0,14786.0,0.0,14786.0,null,null,0.0,MISCELA,COM,null,null,null,null,null,null,tNO,null,null,null,null,5202,0.0,0.0,0.0,tNO,tNO,0.0,0.0,tNO,null,null,null,null,null,null,6227.0,0.0,6227.0,dpsManual,null,null,null,-1,Manual,2.0,0.0,null,0,0,null,null,null,null,null,dit_Item,tNO,tNO,null,null,8798.0,17596.0,0.0,17596.0,-1,null,tNO,0.0,null,-1,null,tNO,DESPACHO,ARLEGUI 263  601\r\rVIÑA DEL MAR\rCHILE,11,0.0,0.0,0.0,0.0,0,0,null,tNO,null,null,null,null,314.0,IVA,1,2809.0,2809.0,0.0,19.0,5202,0,0,0.0,0.0,0.0,0.0
,,,,,,,,,,,,,,,,,,,,,,,,,,,,,,,,,,,,,,,,,,,,,,,,,,,,,,,,,,,,,,,,,,,,,,,,,,,,,,,,,,,,,,,,,,,,,,,,,,,,,,,,,,,,,,,,,,,,,,,,,,,,,,,,,,,,,,,,,,,,,,,,,,,,,,,,,,,,,,,,,,,,,,,,,,,,,,,,,,,,,,,,,,,,,,,,,,,,,,,,,,,,,,,,,,,,,,,,,,,,,,,,,,,,,,,,,
,,,,,,,,,,,,,,,,,,,,,,,,,,,,,,,,,,,,,,,,,,,,,,,,,,,,,,,,,,,,,,,,,,,,,,,,,,,,,,,,,,,,,,,,,,,,,,,,,54880.0,0.0,0.0,0.0,0.0,0.0,0.0,0.0,0.0,dlps_NotPicked,0.0,0.0,0.0,null,null,null,tNO,1,2.0,27440.0,bost_Close,2.0,,dlt_Regular,VICTORIA,510101001,N,17880.0,-5,35760.0,MISCELA,COM,null,null,null,null,null,0.0,54880.0,0.0,54880.0,null,null,0.0,MISCELA,COM,null,null,null,null,null,null,tNO,null,null,null,null,5207,0.0,0.0,0.0,tNO,tNO,0.0,0.0,tNO,null,null,null,null,null,null,19120.0,0.0,19120.0,dpsManual,null,null,null,-1,Manual,2.0,0.0,null,0,0,null,null,null,null,null,dit_Item,tNO,tNO,null,null,32654.0,65308.0,0.0,65308.0,-1,null,tNO,0.0,null,-1,null,tNO,DESPACHO,LAS GAVIOTAS 10971 EL OBSERVATORIO\r\rSANTIAGO\rCHILE,11,0.0,0.0,0.0,0.0,0,0,null,tNO,null,null,null,null,38.0,IVA,1,10427.0,10427.0,0.0,19.0,5207,1,1,0.0,0.0,0.0,0.0
,,,,,,,,,,,,,,,,,,,,,,,,,,,,,,,,,,,,,,,,,,,,,,,,,,,,,,,,,,,,,,,,,,,,,,,,,,,,,,,,,,,,,,,,,,,,,,,,,116505.0,0.0,0.0,0.0,0.0,0.0,0.0,0.0,0.0,dlps_NotPicked,0.0,0.0,0.0,null,null,null,tNO,0,3.0,38835.0,bost_Close,3.0,,dlt_Regular,VICTORIA,510101001,N,19629.0,-5,58887.0,MISCELA,COM,null,null,null,null,null,0.0,116505.0,0.0,116505.0,null,null,0.0,MISCELA,COM,null,null,null,null,null,null,tNO,null,null,null,null,5236,0.0,0.0,0.0,tNO,tNO,0.0,0.0,tNO,null,null,null,null,null,null,57618.0,0.0,57618.0,dpsManual,null,null,null,-1,Manual,3.0,0.0,null,0,0,null,null,null,null,null,dit_Item,tNO,tNO,null,null,46214.0,138642.0,0.0,138642.0,-1,null,tNO,0.0,null,-1,null,tNO,DESPACHO,JORGE ALESSANDRI RODRIGUEZ 18418 LOMAS MIRASUR\r\rSANTIAGO\rCHILE,11,0.0,0.0,0.0,0.0,0,0,null,tNO,null,null,null,null,381.0,IVA,1,22137.0,22137.0,0.0,19.0,5236,0,0,0.0,0.0,0.0,0.0
,,,,,,,,,,,,,,,,,,,,,,,,,,,,,,,,,,,,,,,,,,,,,,,,,,,,,,,,,,,,,,,,,,,,,,,,,,,,,,,,,,,,,,,,,,,,,,,,,,,,,,,,,,,,,,,,,,,,,,,,,,,,,,,,,,,,,,,,,,,,,,,,,,,,,,,,,,,,,,,,,,,,,,,,,,,,,,,,,,,,,,,,,,,,,,,,,,,,,,,,,,,,,,,,,,,,,,,,,,,,,,,,,,,,,,,,,
,,,,,,,,,,,,,,,,,,,,,,,,,,,,,,,,,,,,,,,,,,,,,,,,,,,,,,,,,,,,,,,,,,,,,,,,,,,,,,,,,,,,,,,,,,,,,,,,,3630.0,0.0,0.0,0.0,0.0,0.0,0.0,0.0,0.0,dlps_NotPicked,0.0,0.0,0.0,null,null,null,tNO,2,10.0,363.0,bost_Close,10.0,,dlt_Regular,VICTORIA,510101001,N,196.0,-5,1957.0,MISCELA,COM,null,null,null,null,null,0.0,3630.0,0.0,3630.0,null,null,0.0,MISCELA,COM,null,null,null,null,null,null,tNO,null,null,null,null,5236,0.0,0.0,0.0,tNO,tNO,0.0,0.0,tNO,null,null,null,null,null,null,1673.0,0.0,1673.0,dpsManual,null,null,null,-1,Manual,10.0,0.0,null,0,0,null,null,null,null,null,dit_Item,tNO,tNO,null,null,432.0,4320.0,0.0,4320.0,-1,null,tNO,0.0,null,-1,null,tNO,DESPACHO,JORGE ALESSANDRI RODRIGUEZ 18418 LOMAS MIRASUR\r\rSANTIAGO\rCHILE,11,0.0,0.0,0.0,0.0,0,0,null,tNO,null,null,null,null,10029.0,IVA,1,690.0,690.0,0.0,19.0,5236,2,2,0.0,0.0,0.0,0.0
,,,,,,,,,,,,,,,,,,,,,,,,,,,,,,,,,,,,,,,,,,,,,,,,,,,,,,,,,,,,,,,,,,,,,,,,,,,,,,,,,,,,,,,,,,,,,,,,,6230.0,0.0,0.0,0.0,0.0,0.0,0.0,0.0,0.0,dlps_NotPicked,0.0,0.0,0.0,null,null,null,tNO,3,10.0,623.0,bost_Close,10.0,,dlt_Regular,VICTORIA,510101001,N,347.0,-5,3470.0,MISCELA,COM,null,null,null,null,null,0.0,6230.0,0.0,6230.0,null,null,0.0,MISCELA,COM,null,null,null,null,null,null,tNO,null,null,null,null,5236,0.0,0.0,0.0,tNO,tNO,0.0,0.0,tNO,null,null,null,null,null,null,2760.0,0.0,2760.0,dpsManual,null,null,null,-1,Manual,10.0,0.0,null,0,0,null,null,null,null,null,dit_Item,tNO,tNO,null,null,741.0,7410.0,0.0,7410.0,-1,null,tNO,0.0,null,-1,null,tNO,DESPACHO,JORGE ALESSANDRI RODRIGUEZ 18418 LOMAS MIRASUR\r\rSANTIAGO\rCHILE,11,0.0,0.0,0.0,0.0,0,0,null,tNO,null,null,null,null,3139.0,IVA,1,1184.0,1184.0,0.0,19.0,5236,3,3,0.0,0.0,0.0,0.0
,,,,,,,,,,,,,,,,,,,,,,,,,,,,,,,,,,,,,,,,,,,,,,,,,,,,,,,,,,,,,,,,,,,,,,,,,,,,,,,,,,,,,,,,,,,,,,,,,12750.0,0.0,0.0,0.0,0.0,0.0,0.0,0.0,0.0,dlps_NotPicked,0.0,0.0,0.0,null,null,null,tNO,4,10.0,1275.0,bost_Close,10.0,,dlt_Regular,VICTORIA,510101001,N,615.0,-5,6150.0,MISCELA,COM,null,null,null,null,null,0.0,12750.0,0.0,12750.0,null,null,0.0,MISCELA,COM,null,null,null,null,null,null,tNO,null,null,null,null,5236,0.0,0.0,0.0,tNO,tNO,0.0,0.0,tNO,null,null,null,null,null,null,6600.0,0.0,6600.0,dpsManual,null,null,null,-1,Manual,10.0,0.0,null,0,0,null,null,null,null,null,dit_Item,tNO,tNO,null,null,1517.0,15170.0,0.0,15170.0,-1,null,tNO,0.0,null,-1,null,tNO,DESPACHO,JORGE ALESSANDRI RODRIGUEZ 18418 LOMAS MIRASUR\r\rSANTIAGO\rCHILE,11,0.0,0.0,0.0,0.0,0,0,null,tNO,null,null,null,null,3065.0,IVA,1,2422.0,2422.0,0.0,19.0,5236,4,4,0.0,0.0,0.0,0.0
,,,,,,,,,,,,,,,,,,,,,,,,,,,,,,,,,,,,,,,,,,,,,,,,,,,,,,,,,,,,,,,,,,,,,,,,,,,,,,,,,,,,,,,,,,,,,,,,,12750.0,0.0,0.0,0.0,0.0,0.0,0.0,0.0,0.0,dlps_NotPicked,0.0,0.0,0.0,null,null,null,tNO,5,10.0,1275.0,bost_Close,10.0,,dlt_Regular,VICTORIA,510101001,N,676.0,-5,6760.0,MISCELA,COM,null,null,null,null,null,0.0,12750.0,0.0,12750.0,null,null,0.0,MISCELA,COM,null,null,null,null,null,null,tNO,null,null,null,null,5236,0.0,0.0,0.0,tNO,tNO,0.0,0.0,tNO,null,null,null,null,null,null,5990.0,0.0,5990.0,dpsManual,null,null,null,-1,Manual,10.0,0.0,null,0,0,null,null,null,null,null,dit_Item,tNO,tNO,null,null,1517.0,15170.0,0.0,15170.0,-1,null,tNO,0.0,null,-1,null,tNO,DESPACHO,JORGE ALESSANDRI RODRIGUEZ 18418 LOMAS MIRASUR\r\rSANTIAGO\rCHILE,11,0.0,0.0,0.0,0.0,0,0,null,tNO,null,null,null,null,2724.0,IVA,1,2422.0,2422.0,0.0,19.0,5236,5,5,0.0,0.0,0.0,0.0
,,,,,,,,,,,,,,,,,,,,,,,,,,,,,,,,,,,,,,,,,,,,,,,,,,,,,,,,,,,,,,,,,,,,,,,,,,,,,,,,,,,,,,,,,,,,,,,,,12750.0,0.0,0.0,0.0,0.0,0.0,0.0,0.0,0.0,dlps_NotPicked,0.0,0.0,0.0,null,null,null,tNO,6,10.0,1275.0,bost_Close,10.0,,dlt_Regular,VICTORIA,510101001,N,662.0,-5,6620.0,MISCELA,COM,null,null,null,null,null,0.0,12750.0,0.0,12750.0,null,null,0.0,MISCELA,COM,null,null,null,null,null,null,tNO,null,null,null,null,5236,0.0,0.0,0.0,tNO,tNO,0.0,0.0,tNO,null,null,null,null,null,null,6130.0,0.0,6130.0,dpsManual,null,null,null,-1,Manual,10.0,0.0,null,0,0,null,null,null,null,null,dit_Item,tNO,tNO,null,null,1517.0,15170.0,0.0,15170.0,-1,null,tNO,0.0,null,-1,null,tNO,DESPACHO,JORGE ALESSANDRI RODRIGUEZ 18418 LOMAS MIRASUR\r\rSANTIAGO\rCHILE,11,0.0,0.0,0.0,0.0,0,0,null,tNO,null,null,null,null,1970.0,IVA,1,2422.0,2422.0,0.0,19.0,5236,6,6,0.0,0.0,0.0,0.0
,,,,,,,,,,,,,,,,,,,,,,,,,,,,,,,,,,,,,,,,,,,,,,,,,,,,,,,,,,,,,,,,,,,,,,,,,,,,,,,,,,,,,,,,,,,,,,,,,7894.0,0.0,0.0,0.0,0.0,0.0,0.0,0.0,0.0,dlps_NotPicked,0.0,0.0,0.0,null,null,null,tNO,7,2.0,3947.0,bost_Close,2.0,,dlt_Regular,VICTORIA,510101001,N,2160.0,-5,4320.0,null,COM,null,null,null,null,null,0.0,7894.0,0.0,7894.0,null,null,0.0,null,COM,null,null,null,null,null,null,tNO,null,null,null,null,5236,0.0,0.0,0.0,tNO,tNO,0.0,0.0,tNO,null,null,null,null,null,null,3574.0,0.0,3574.0,dpsManual,null,null,null,-1,Manual,2.0,0.0,null,0,0,null,null,null,null,null,dit_Item,tNO,tNO,null,null,4697.0,9394.0,0.0,9394.0,-1,null,null,null,null,-1,null,tNO,DESPACHO,JORGE ALESSANDRI RODRIGUEZ 18418 LOMAS MIRASUR\r\rSANTIAGO\rCHILE,11,0.0,0.0,0.0,0.0,0,0,null,null,null,null,null,null,1931.0,IVA,1,1500.0,1500.0,0.0,19.0,5236,7,7,0.0,0.0,0.0,0.0
,,,,,,,,,,,,,,,,,,,,,,,,,,,,,,,,,,,,,,,,,,,,,,,,,,,,,,,,,,,,,,,,,,,,,,,,,,,,,,,,,,,,,,,,,,,,,,,,,19860.0,0.0,0.0,0.0,0.0,0.0,0.0,0.0,0.0,dlps_NotPicked,0.0,0.0,0.0,null,null,null,tNO,8,3.0,6620.0,bost_Close,3.0,,dlt_Regular,VICTORIA,510101001,N,3004.0,-5,9012.0,HERCAM,COM,null,null,null,null,null,0.0,19860.0,0.0,19860.0,null,null,0.0,HERCAM,COM,null,null,null,null,null,null,tNO,null,null,null,null,5236,0.0,0.0,0.0,tNO,tNO,0.0,0.0,tNO,null,null,null,null,null,null,10848.0,0.0,10848.0,dpsManual,null,null,null,-1,Manual,3.0,0.0,null,0,0,null,null,null,null,null,dit_Item,tNO,tNO,null,null,7878.0,23634.0,0.0,23634.0,-1,null,tNO,0.0,null,-1,null,tNO,DESPACHO,JORGE ALESSANDRI RODRIGUEZ 18418 LOMAS MIRASUR\r\rSANTIAGO\rCHILE,11,0.0,0.0,0.0,0.0,0,0,null,tNO,null,null,null,null,507.0,IVA,1,3773.0,3773.0,0.0,19.0,5236,8,8,0.0,0.0,0.0,0.0
,,,,,,,,,,,,,,,,,,,,,,,,,,,,,,,,,,,,,,,,,,,,,,,,,,,,,,,,,,,,,,,,,,,,,,,,,,,,,,,,,,,,,,,,,,,,,,,,,14537.0,0.0,0.0,0.0,0.0,0.0,0.0,0.0,0.0,dlps_NotPicked,0.0,0.0,0.0,null,null,null,tNO,0,1.0,14537.0,bost_Close,1.0,,dlt_Regular,VICTORIA,510101001,N,7245.0,-5,7245.0,MISCELA,COM,null,null,null,null,null,0.0,14537.0,0.0,14537.0,null,null,0.0,MISCELA,COM,null,null,null,null,null,null,tNO,null,null,null,null,5295,0.0,0.0,0.0,tNO,tNO,0.0,0.0,tNO,null,null,null,null,null,null,7292.0,0.0,7292.0,dpsManual,null,null,null,-1,Manual,1.0,0.0,null,0,0,null,null,null,null,null,dit_Item,tNO,tNO,null,null,17299.0,17299.0,0.0,17299.0,-1,null,tNO,0.0,null,-1,null,tNO,DESPACHO,ANTOFAGASTA 2822\r\rSANTIAGO\rCHILE,11,0.0,0.0,0.0,0.0,0,0,null,tNO,null,null,null,null,499.0,IVA,1,2762.0,2762.0,0.0,19.0,5295,0,0,0.0,0.0,0.0,0.0
,,,,,,,,,,,,,,,,,,,,,,,,,,,,,,,,,,,,,,,,,,,,,,,,,,,,,,,,,,,,,,,,,,,,,,,,,,,,,,,,,,,,,,,,,,,,,,,,,6452.0,0.0,0.0,0.0,0.0,0.0,0.0,0.0,0.0,dlps_NotPicked,0.0,0.0,0.0,null,null,null,tNO,0,1.0,6452.0,bost_Close,1.0,,dlt_Regular,VICTORIA,510101001,N,3833.0,-5,3833.0,MISCELA,COM,null,null,null,null,null,0.0,6452.0,0.0,6452.0,null,null,0.0,MISCELA,COM,null,null,null,null,null,null,tNO,null,null,null,null,5341,0.0,0.0,0.0,tNO,tNO,0.0,0.0,tNO,null,null,null,null,null,null,2619.0,0.0,2619.0,dpsManual,null,null,null,-1,Manual,1.0,0.0,null,0,0,null,null,null,null,null,dit_Item,tNO,tNO,null,null,7678.0,7678.0,0.0,7678.0,-1,null,tNO,0.0,null,-1,null,tNO,DESPACHO,AV. VICUÑA MACKENNA 1436\r\rSANTIAGO\rCHILE,11,0.0,0.0,0.0,0.0,0,0,null,tNO,null,null,null,null,1308.0,IVA,1,1226.0,1226.0,0.0,19.0,5341,0,0,0.0,0.0,0.0,0.0
,,,,,,,,,,,,,,,,,,,,,,,,,,,,,,,,,,,,,,,,,,,,,,,,,,,,,,,,,,,,,,,,,,,,,,,,,,,,,,,,,,,,,,,,,,,,,,,,,4746.0,0.0,0.0,0.0,0.0,0.0,0.0,0.0,0.0,dlps_NotPicked,0.0,0.0,0.0,null,null,null,tNO,1,14.0,339.0,bost_Close,14.0,,dlt_Regular,VICTORIA,510101001,N,199.0,-5,2788.0,MISCELA,COM,null,null,null,null,null,0.0,4746.0,0.0,4746.0,null,null,0.0,MISCELA,COM,null,null,null,null,null,null,tNO,null,null,null,null,5341,0.0,0.0,0.0,tNO,tNO,0.0,0.0,tNO,null,null,null,null,null,null,1958.0,0.0,1958.0,dpsManual,null,null,null,-1,Manual,14.0,0.0,null,0,0,null,null,null,null,null,dit_Item,tNO,tNO,null,null,403.0,5642.0,0.0,5642.0,-1,null,tNO,0.0,null,-1,null,tNO,DESPACHO,AV. VICUÑA MACKENNA 1436\r\rSANTIAGO\rCHILE,11,0.0,0.0,0.0,0.0,0,0,null,tNO,null,null,null,null,45643.0,IVA,1,902.0,902.0,0.0,19.0,5341,1,1,0.0,0.0,0.0,0.0
,,,,,,,,,,,,,,,,,,,,,,,,,,,,,,,,,,,,,,,,,,,,,,,,,,,,,,,,,,,,,,,,,,,,,,,,,,,,,,,,,,,,,,,,,,,,,,,,,192.0,0.0,0.0,0.0,0.0,0.0,0.0,0.0,0.0,dlps_NotPicked,0.0,0.0,0.0,null,null,null,tNO,2,1.0,192.0,bost_Close,1.0,,dlt_Regular,VICTORIA,510101001,N,102.0,-5,102.0,MISCELA,COM,null,null,null,null,null,0.0,192.0,0.0,192.0,null,null,0.0,MISCELA,COM,null,null,null,null,null,null,tNO,null,null,null,null,5341,0.0,0.0,0.0,tNO,tNO,0.0,0.0,tNO,null,null,null,null,null,null,90.0,0.0,90.0,dpsManual,null,null,null,-1,Manual,1.0,0.0,null,0,0,null,null,null,null,null,dit_Item,tNO,tNO,null,null,228.0,228.0,0.0,228.0,-1,null,tNO,0.0,null,-1,null,tNO,DESPACHO,AV. VICUÑA MACKENNA 1436\r\rSANTIAGO\rCHILE,11,0.0,0.0,0.0,0.0,0,0,null,tNO,null,null,null,null,5925.0,IVA,1,36.0,36.0,0.0,19.0,5341,2,2,0.0,0.0,0.0,0.0
,,,,,,,,,,,,,,,,,,,,,,,,,,,,,,,,,,,,,,,,,,,,,,,,,,,,,,,,,,,,,,,,,,,,,,,,,,,,,,,,,,,,,,,,,,,,,,,,,508.0,0.0,0.0,0.0,0.0,0.0,0.0,0.0,0.0,dlps_NotPicked,0.0,0.0,0.0,null,null,null,tNO,3,1.0,508.0,bost_Close,1.0,,dlt_Regular,VICTORIA,510101001,N,374.0,-5,374.0,MISCELA,COM,null,null,null,null,null,0.0,508.0,0.0,508.0,null,null,0.0,MISCELA,COM,null,null,null,null,null,null,tNO,null,null,null,null,5341,0.0,0.0,0.0,tNO,tNO,0.0,0.0,tNO,null,null,null,null,null,null,134.0,0.0,134.0,dpsManual,null,null,null,-1,Manual,1.0,0.0,null,0,0,null,null,null,null,null,dit_Item,tNO,tNO,null,null,605.0,605.0,0.0,605.0,-1,null,tNO,0.0,null,-1,null,tNO,DESPACHO,AV. VICUÑA MACKENNA 1436\r\rSANTIAGO\rCHILE,11,0.0,0.0,0.0,0.0,0,0,null,tNO,null,null,null,null,3101.0,IVA,1,97.0,97.0,0.0,19.0,5341,3,3,0.0,0.0,0.0,0.0
,,,,,,,,,,,,,,,,,,,,,,,,,,,,,,,,,,,,,,,,,,,,,,,,,,,,,,,,,,,,,,,,,,,,,,,,,,,,,,,,,,,,,,,,,,,,,,,,,4545.0,0.0,0.0,0.0,0.0,0.0,0.0,0.0,0.0,dlps_NotPicked,0.0,0.0,0.0,null,null,null,tNO,4,3.0,1515.0,bost_Close,3.0,,dlt_Regular,VICTORIA,510101001,N,854.0,-5,2562.0,MISCELA,COM,null,null,null,null,null,0.0,4545.0,0.0,4545.0,null,null,0.0,MISCELA,COM,null,null,null,null,null,null,tNO,null,null,null,null,5341,0.0,0.0,0.0,tNO,tNO,0.0,0.0,tNO,null,null,null,null,null,null,1983.0,0.0,1983.0,dpsManual,null,null,null,-1,Manual,3.0,0.0,null,0,0,null,null,null,null,null,dit_Item,tNO,tNO,null,null,1803.0,5409.0,0.0,5409.0,-1,null,tNO,0.0,null,-1,null,tNO,DESPACHO,AV. VICUÑA MACKENNA 1436\r\rSANTIAGO\rCHILE,11,0.0,0.0,0.0,0.0,0,0,null,tNO,null,null,null,null,4466.0,IVA,1,863.0,863.0,0.0,19.0,5341,4,4,0.0,0.0,0.0,0.0
,,,,,,,,,,,,,,,,,,,,,,,,,,,,,,,,,,,,,,,,,,,,,,,,,,,,,,,,,,,,,,,,,,,,,,,,,,,,,,,,,,,,,,,,,,,,,,,,,705.0,0.0,0.0,0.0,0.0,0.0,0.0,0.0,0.0,dlps_NotPicked,0.0,0.0,0.0,null,null,null,tNO,5,3.0,235.0,bost_Close,3.0,,dlt_Regular,VICTORIA,510101001,N,104.0,-5,312.0,MISCELA,COM,null,null,null,null,null,0.0,705.0,0.0,705.0,null,null,0.0,MISCELA,COM,null,null,null,null,null,null,tNO,null,null,null,null,5341,0.0,0.0,0.0,tNO,tNO,0.0,0.0,tNO,null,null,null,null,null,null,393.0,0.0,393.0,dpsManual,null,null,null,-1,Manual,3.0,0.0,null,0,0,null,null,null,null,null,dit_Item,tNO,tNO,null,null,280.0,840.0,0.0,840.0,-1,null,tNO,0.0,null,-1,null,tNO,DESPACHO,AV. VICUÑA MACKENNA 1436\r\rSANTIAGO\rCHILE,11,0.0,0.0,0.0,0.0,0,0,null,tNO,null,null,null,null,6438.0,IVA,1,134.0,134.0,0.0,19.0,5341,5,5,0.0,0.0,0.0,0.0
,,,,,,,,,,,,,,,,,,,,,,,,,,,,,,,,,,,,,,,,,,,,,,,,,,,,,,,,,,,,,,,,,,,,,,,,,,,,,,,,,,,,,,,,,,,,,,,,,1349.0,0.0,0.0,0.0,0.0,0.0,0.0,0.0,0.0,dlps_NotPicked,0.0,0.0,0.0,null,null,null,tNO,6,1.0,1349.0,bost_Close,1.0,,dlt_Regular,VICTORIA,510101001,N,816.0,-5,816.0,MISCELA,COM,null,null,null,null,null,0.0,1349.0,0.0,1349.0,null,null,0.0,MISCELA,COM,null,null,null,null,null,null,tNO,null,null,null,null,5341,0.0,0.0,0.0,tNO,tNO,0.0,0.0,tNO,null,null,null,null,null,null,533.0,0.0,533.0,dpsManual,null,null,null,-1,Manual,1.0,0.0,null,0,0,null,null,null,null,null,dit_Item,tNO,tNO,null,null,1605.0,1605.0,0.0,1605.0,-1,null,tNO,0.0,null,-1,null,tNO,DESPACHO,AV. VICUÑA MACKENNA 1436\r\rSANTIAGO\rCHILE,11,0.0,0.0,0.0,0.0,0,0,null,tNO,null,null,null,null,228.0,IVA,1,256.0,256.0,0.0,19.0,5341,6,6,0.0,0.0,0.0,0.0
,,,,,,,,,,,,,,,,,,,,,,,,,,,,,,,,,,,,,,,,,,,,,,,,,,,,,,,,,,,,,,,,,,,,,,,,,,,,,,,,,,,,,,,,,,,,,,,,,2452.0,0.0,0.0,0.0,0.0,0.0,0.0,0.0,0.0,dlps_NotPicked,0.0,0.0,0.0,null,null,null,tNO,7,2.0,1226.0,bost_Close,2.0,,dlt_Regular,VICTORIA,510101001,N,705.0,-5,1409.0,MISCELA,COM,null,null,null,null,null,0.0,2452.0,0.0,2452.0,null,null,0.0,MISCELA,COM,null,null,null,null,null,null,tNO,null,null,null,null,5341,0.0,0.0,0.0,tNO,tNO,0.0,0.0,tNO,null,null,null,null,null,null,1043.0,0.0,1043.0,dpsManual,null,null,null,-1,Manual,2.0,0.0,null,0,0,null,null,null,null,null,dit_Item,tNO,tNO,null,null,1459.0,2918.0,0.0,2918.0,-1,null,tNO,0.0,null,-1,null,tNO,DESPACHO,AV. VICUÑA MACKENNA 1436\r\rSANTIAGO\rCHILE,11,0.0,0.0,0.0,0.0,0,0,null,tNO,null,null,null,null,69.0,IVA,1,466.0,466.0,0.0,19.0,5341,7,7,0.0,0.0,0.0,0.0
,,,,,,,,,,,,,,,,,,,,,,,,,,,,,,,,,,,,,,,,,,,,,,,,,,,,,,,,,,,,,,,,,,,,,,,,,,,,,,,,,,,,,,,,,,,,,,,,,22800.0,0.0,0.0,0.0,0.0,0.0,0.0,0.0,0.0,dlps_NotPicked,0.0,0.0,0.0,null,null,null,tNO,0,50.0,456.0,bost_Close,50.0,,dlt_Regular,VICTORIA,510101001,N,223.0,-5,11158.0,MISCELA,COM,null,null,null,null,null,0.0,22800.0,0.0,22800.0,null,null,0.0,MISCELA,COM,null,null,null,null,null,null,tNO,null,null,null,null,5359,0.0,0.0,0.0,tNO,tNO,0.0,0.0,tNO,null,null,null,null,null,null,11642.0,0.0,11642.0,dpsManual,null,null,null,-1,Manual,50.0,0.0,null,0,0,null,null,null,null,null,dit_Item,tNO,tNO,null,null,543.0,27150.0,0.0,27150.0,-1,null,tNO,0.0,null,-1,null,tNO,DESPACHO,TEATINOS 251\r\rSANTIAGO\rCHILE,11,0.0,0.0,0.0,0.0,0,0,null,tNO,null,null,null,null,5236.0,IVA,1,4332.0,4332.0,0.0,19.0,5359,0,0,0.0,0.0,0.0,0.0
,,,,,,,,,,,,,,,,,,,,,,,,,,,,,,,,,,,,,,,,,,,,,,,,,,,,,,,,,,,,,,,,,,,,,,,,,,,,,,,,,,,,,,,,,,,,,,,,,77670.0,0.0,0.0,0.0,0.0,0.0,0.0,0.0,0.0,dlps_NotPicked,0.0,0.0,0.0,null,null,null,tNO,1,2.0,38835.0,bost_Close,2.0,,dlt_Regular,VICTORIA,510101001,N,19629.0,-5,39258.0,MISCELA,COM,null,null,null,null,null,0.0,77670.0,0.0,77670.0,null,null,0.0,MISCELA,COM,null,null,null,null,null,null,tNO,null,null,null,null,5359,0.0,0.0,0.0,tNO,tNO,0.0,0.0,tNO,null,null,null,null,null,null,38412.0,0.0,38412.0,dpsManual,null,null,null,-1,Manual,2.0,0.0,null,0,0,null,null,null,null,null,dit_Item,tNO,tNO,null,null,46214.0,92428.0,0.0,92428.0,-1,null,null,null,null,-1,null,tNO,DESPACHO,TEATINOS 251\r\rSANTIAGO\rCHILE,11,0.0,0.0,0.0,0.0,0,0,null,null,null,null,null,null,378.0,IVA,1,14757.0,14757.0,0.0,19.0,5359,1,1,0.0,0.0,0.0,0.0
,,,,,,,,,,,,,,,,,,,,,,,,,,,,,,,,,,,,,,,,,,,,,,,,,,,,,,,,,,,,,,,,,,,,,,,,,,,,,,,,,,,,,,,,,,,,,,,,,10574.0,0.0,0.0,0.0,0.0,0.0,0.0,0.0,0.0,dlps_NotPicked,0.0,0.0,0.0,null,null,null,tNO,0,2.0,5287.0,bost_Close,2.0,,dlt_Regular,VICTORIA,510101001,N,3081.0,-5,6162.0,CBE,COM,null,null,null,null,null,0.0,10574.0,0.0,10574.0,null,null,0.0,CBE,COM,null,null,null,null,null,null,tNO,null,null,null,null,5412,0.0,0.0,0.0,tNO,tNO,0.0,0.0,tNO,null,null,null,null,null,null,4412.0,0.0,4412.0,dpsManual,null,null,null,-1,Manual,2.0,0.0,null,0,0,null,null,null,null,null,dit_Item,tNO,tNO,null,null,6292.0,12584.0,0.0,12584.0,-1,null,tNO,0.0,null,-1,null,tNO,DESPACHO,ANTILLANCA 9090 OF. 96\r\rSANTIAGO\rCHILE,11,0.0,0.0,0.0,0.0,0,0,null,tNO,null,null,null,null,784.0,IVA,1,2009.0,2009.0,0.0,19.0,5412,0,0,0.0,0.0,0.0,0.0
,,,,,,,,,,,,,,,,,,,,,,,,,,,,,,,,,,,,,,,,,,,,,,,,,,,,,,,,,,,,,,,,,,,,,,,,,,,,,,,,,,,,,,,,,,,,,,,,,64000.0,0.0,0.0,0.0,0.0,0.0,0.0,0.0,0.0,dlps_NotPicked,0.0,0.0,0.0,null,null,null,tNO,0,50.0,1280.0,bost_Close,50.0,,dlt_Regular,VICTORIA,510101001,N,560.0,-5,28003.0,CBE,COM,null,null,null,null,null,0.0,64000.0,0.0,64000.0,null,null,0.0,CBE,COM,null,null,null,null,null,null,tNO,null,null,null,null,5422,0.0,0.0,0.0,tNO,tNO,0.0,0.0,tNO,null,null,null,null,null,null,35997.0,0.0,35997.0,dpsManual,null,null,null,-1,Manual,50.0,0.0,null,0,0,null,null,null,null,null,dit_Item,tNO,tNO,null,null,1523.0,76150.0,0.0,76150.0,-1,null,tNO,0.0,null,-1,null,tNO,DESPACHO,JOSE JOAQUIN PEREZ 520\r\rSANTIAGO\rCHILE,11,0.0,0.0,0.0,0.0,0,0,null,tNO,null,null,null,null,4807.0,IVA,1,12160.0,12160.0,0.0,19.0,5422,0,0,0.0,0.0,0.0,0.0
,,,,,,,,,,,,,,,,,,,,,,,,,,,,,,,,,,,,,,,,,,,,,,,,,,,,,,,,,,,,,,,,,,,,,,,,,,,,,,,,,,,,,,,,,,,,,,,,,85035.0,0.0,0.0,0.0,0.0,0.0,0.0,0.0,0.0,dlps_NotPicked,0.0,0.0,0.0,null,null,null,tNO,0,10.0,8951.0,bost_Close,10.0,,dlt_Regular,VICTORIA,510101001,N,4081.0,-5,40811.0,MISCELA,COM,null,null,null,null,null,0.0,85035.0,0.0,85035.0,null,null,0.0,MISCELA,COM,null,null,null,null,null,null,tNO,null,null,null,null,5430,0.0,0.0,0.0,tNO,tNO,0.0,0.0,tNO,null,null,null,null,null,null,44224.0,0.0,44224.0,dpsManual,null,null,null,-1,Manual,10.0,0.0,null,0,0,null,null,null,null,null,dit_Item,tNO,tNO,null,null,10652.0,101190.0,0.0,101190.0,-1,null,tNO,0.0,null,-1,null,tNO,DESPACHO,TEATINOS 251\r\rSANTIAGO\rCHILE,11,0.0,0.0,0.0,0.0,0,0,null,tNO,null,null,null,null,39.0,IVA,1,16157.0,16157.0,0.0,19.0,5430,0,0,0.0,0.0,0.0,0.0
,,,,,,,,,,,,,,,,,,,,,,,,,,,,,,,,,,,,,,,,,,,,,,,,,,,,,,,,,,,,,,,,,,,,,,,,,,,,,,,,,,,,,,,,,,,,,,,,,3248.0,0.0,0.0,0.0,0.0,0.0,0.0,0.0,0.0,dlps_NotPicked,0.0,0.0,0.0,null,null,null,tNO,0,2.0,1624.0,bost_Close,2.0,,dlt_Regular,VICTORIA,510101001,N,962.0,-5,1924.0,MISCELA,COM,null,null,null,null,null,0.0,3248.0,0.0,3248.0,null,null,0.0,MISCELA,COM,null,null,null,null,null,null,tNO,null,null,null,null,5487,0.0,0.0,0.0,tNO,tNO,0.0,0.0,tNO,null,null,null,null,null,null,1324.0,0.0,1324.0,dpsManual,null,null,null,-1,Manual,2.0,0.0,null,0,0,null,null,null,null,null,dit_Item,tNO,tNO,null,null,1933.0,3866.0,0.0,3866.0,-1,null,tNO,0.0,null,-1,null,tNO,DESPACHO,ALVAREZ DE TOLEDO\r\rSANTIAGO\rCHILE,11,0.0,0.0,0.0,0.0,0,0,null,tNO,null,null,null,null,1807.0,IVA,1,617.0,617.0,0.0,19.0,5487,0,0,0.0,0.0,0.0,0.0
,,,,,,,,,,,,,,,,,,,,,,,,,,,,,,,,,,,,,,,,,,,,,,,,,,,,,,,,,,,,,,,,,,,,,,,,,,,,,,,,,,,,,,,,,,,,,,,,,8058.0,0.0,0.0,0.0,0.0,0.0,0.0,0.0,0.0,dlps_NotPicked,0.0,0.0,0.0,null,null,null,tNO,1,1.0,8058.0,bost_Close,1.0,,dlt_Regular,VICTORIA,510101001,N,4455.0,-5,4455.0,MISCELA,COM,null,null,null,null,null,0.0,8058.0,0.0,8058.0,null,null,0.0,MISCELA,COM,null,null,null,null,null,null,tNO,null,null,null,null,5487,0.0,0.0,0.0,tNO,tNO,0.0,0.0,tNO,null,null,null,null,null,null,3603.0,0.0,3603.0,dpsManual,null,null,null,-1,Manual,1.0,0.0,null,0,0,null,null,null,null,null,dit_Item,tNO,tNO,null,null,9589.0,9589.0,0.0,9589.0,-1,null,tNO,0.0,null,-1,null,tNO,DESPACHO,ALVAREZ DE TOLEDO\r\rSANTIAGO\rCHILE,11,0.0,0.0,0.0,0.0,0,0,null,tNO,null,null,null,null,534.0,IVA,1,1531.0,1531.0,0.0,19.0,5487,1,1,0.0,0.0,0.0,0.0
,,,,,,,,,,,,,,,,,,,,,,,,,,,,,,,,,,,,,,,,,,,,,,,,,,,,,,,,,,,,,,,,,,,,,,,,,,,,,,,,,,,,,,,,,,,,,,,,,6320.0,0.0,0.0,0.0,0.0,0.0,0.0,0.0,0.0,dlps_NotPicked,0.0,0.0,0.0,null,null,null,tNO,2,1.0,6320.0,bost_Close,1.0,,dlt_Regular,VICTORIA,510101001,N,3134.0,-5,3134.0,MISCELA,COM,null,null,null,null,null,0.0,6320.0,0.0,6320.0,null,null,0.0,MISCELA,COM,null,null,null,null,null,null,tNO,null,null,null,null,5487,0.0,0.0,0.0,tNO,tNO,0.0,0.0,tNO,null,null,null,null,null,null,3186.0,0.0,3186.0,dpsManual,null,null,null,-1,Manual,1.0,0.0,null,0,0,null,null,null,null,null,dit_Item,tNO,tNO,null,null,7521.0,7521.0,0.0,7521.0,-1,null,tNO,0.0,null,-1,null,tNO,DESPACHO,ALVAREZ DE TOLEDO\r\rSANTIAGO\rCHILE,11,0.0,0.0,0.0,0.0,0,0,null,tNO,null,null,null,null,690.0,IVA,1,1201.0,1201.0,0.0,19.0,5487,2,2,0.0,0.0,0.0,0.0
,,,,,,,,,,,,,,,,,,,,,,,,,,,,,,,,,,,,,,,,,,,,,,,,,,,,,,,,,,,,,,,,,,,,,,,,,,,,,,,,,,,,,,,,,,,,,,,,,4845.0,0.0,0.0,0.0,0.0,0.0,0.0,0.0,0.0,dlps_NotPicked,0.0,0.0,0.0,null,null,null,tNO,3,5.0,969.0,bost_Close,5.0,,dlt_Regular,VICTORIA,510101001,N,567.0,-5,2837.0,MISCELA,COM,null,null,null,null,null,0.0,4845.0,0.0,4845.0,null,null,0.0,MISCELA,COM,null,null,null,null,null,null,tNO,null,null,null,null,5487,0.0,0.0,0.0,tNO,tNO,0.0,0.0,tNO,null,null,null,null,null,null,2008.0,0.0,2008.0,dpsManual,null,null,null,-1,Manual,5.0,0.0,null,0,0,null,null,null,null,null,dit_Item,tNO,tNO,null,null,1153.0,5765.0,0.0,5765.0,-1,null,tNO,0.0,null,-1,null,tNO,DESPACHO,ALVAREZ DE TOLEDO\r\rSANTIAGO\rCHILE,11,0.0,0.0,0.0,0.0,0,0,null,tNO,null,null,null,null,24.0,IVA,1,920.0,920.0,0.0,19.0,5487,3,3,0.0,0.0,0.0,0.0
,,,,,,,,,,,,,,,,,,,,,,,,,,,,,,,,,,,,,,,,,,,,,,,,,,,,,,,,,,,,,,,,,,,,,,,,,,,,,,,,,,,,,,,,,,,,,,,,,4845.0,0.0,0.0,0.0,0.0,0.0,0.0,0.0,0.0,dlps_NotPicked,0.0,0.0,0.0,null,null,null,tNO,4,5.0,969.0,bost_Close,5.0,,dlt_Regular,VICTORIA,510101001,N,502.0,-5,2510.0,MISCELA,COM,null,null,null,null,null,0.0,4845.0,0.0,4845.0,null,null,0.0,MISCELA,COM,null,null,null,null,null,null,tNO,null,null,null,null,5487,0.0,0.0,0.0,tNO,tNO,0.0,0.0,tNO,null,null,null,null,null,null,2335.0,0.0,2335.0,dpsManual,null,null,null,-1,Manual,5.0,0.0,null,0,0,null,null,null,null,null,dit_Item,tNO,tNO,null,null,1153.0,5765.0,0.0,5765.0,-1,null,tNO,0.0,null,-1,null,tNO,DESPACHO,ALVAREZ DE TOLEDO\r\rSANTIAGO\rCHILE,11,0.0,0.0,0.0,0.0,0,0,null,tNO,null,null,null,null,261.0,IVA,1,921.0,921.0,0.0,19.0,5487,4,4,0.0,0.0,0.0,0.0
,,,,,,,,,,,,,,,,,,,,,,,,,,,,,,,,,,,,,,,,,,,,,,,,,,,,,,,,,,,,,,,,,,,,,,,,,,,,,,,,,,,,,,,,,,,,,,,,,12212.0,0.0,0.0,0.0,0.0,0.0,0.0,0.0,0.0,dlps_NotPicked,0.0,0.0,0.0,null,null,null,tNO,0,2.0,6106.0,bost_Close,2.0,,dlt_Regular,VICTORIA,510101001,N,3573.0,-5,7146.0,MISCELA,COM,null,null,null,null,null,0.0,12212.0,0.0,12212.0,null,null,0.0,MISCELA,COM,null,null,null,null,null,null,tNO,null,null,null,null,5492,0.0,0.0,0.0,tNO,tNO,0.0,0.0,tNO,null,null,null,null,null,null,5066.0,0.0,5066.0,dpsManual,null,null,null,-1,Manual,2.0,0.0,null,0,0,null,null,null,null,null,dit_Item,tNO,tNO,null,null,7266.0,14532.0,0.0,14532.0,-1,null,tNO,0.0,null,-1,null,tNO,DESPACHO,PUMA 1357\r\rSANTIAGO\rCHILE,11,0.0,0.0,0.0,0.0,0,0,null,tNO,null,null,null,null,1392.0,IVA,1,2320.0,2320.0,0.0,19.0,5492,0,0,0.0,0.0,0.0,0.0
,,,,,,,,,,,,,,,,,,,,,,,,,,,,,,,,,,,,,,,,,,,,,,,,,,,,,,,,,,,,,,,,,,,,,,,,,,,,,,,,,,,,,,,,,,,,,,,,,1856.0,0.0,0.0,0.0,0.0,0.0,0.0,0.0,0.0,dlps_NotPicked,0.0,0.0,0.0,null,null,null,tNO,1,4.0,464.0,bost_Close,4.0,,dlt_Regular,VICTORIA,510101001,N,249.0,-5,997.0,MISCELA,COM,null,null,null,null,null,0.0,1856.0,0.0,1856.0,null,null,0.0,MISCELA,COM,null,null,null,null,null,null,tNO,null,null,null,null,5492,0.0,0.0,0.0,tNO,tNO,0.0,0.0,tNO,null,null,null,null,null,null,859.0,0.0,859.0,dpsManual,null,null,null,-1,Manual,4.0,0.0,null,0,0,null,null,null,null,null,dit_Item,tNO,tNO,null,null,552.0,2208.0,0.0,2208.0,-1,null,tNO,0.0,null,-1,null,tNO,DESPACHO,PUMA 1357\r\rSANTIAGO\rCHILE,11,0.0,0.0,0.0,0.0,0,0,null,tNO,null,null,null,null,6353.0,IVA,1,353.0,353.0,0.0,19.0,5492,1,1,0.0,0.0,0.0,0.0
,,,,,,,,,,,,,,,,,,,,,,,,,,,,,,,,,,,,,,,,,,,,,,,,,,,,,,,,,,,,,,,,,,,,,,,,,,,,,,,,,,,,,,,,,,,,,,,,,2169.0,0.0,0.0,0.0,0.0,0.0,0.0,0.0,0.0,dlps_NotPicked,0.0,0.0,0.0,null,null,null,tNO,2,3.0,723.0,bost_Close,3.0,,dlt_Regular,VICTORIA,510101001,N,364.0,-5,1092.0,MISCELA,COM,null,null,null,null,null,0.0,2169.0,0.0,2169.0,null,null,0.0,MISCELA,COM,null,null,null,null,null,null,tNO,null,null,null,null,5492,0.0,0.0,0.0,tNO,tNO,0.0,0.0,tNO,null,null,null,null,null,null,1077.0,0.0,1077.0,dpsManual,null,null,null,-1,Manual,3.0,0.0,null,0,0,null,null,null,null,null,dit_Item,tNO,tNO,null,null,860.0,2580.0,0.0,2580.0,-1,null,tNO,0.0,null,-1,null,tNO,DESPACHO,PUMA 1357\r\rSANTIAGO\rCHILE,11,0.0,0.0,0.0,0.0,0,0,null,tNO,null,null,null,null,3339.0,IVA,1,412.0,412.0,0.0,19.0,5492,2,2,0.0,0.0,0.0,0.0
,,,,,,,,,,,,,,,,,,,,,,,,,,,,,,,,,,,,,,,,,,,,,,,,,,,,,,,,,,,,,,,,,,,,,,,,,,,,,,,,,,,,,,,,,,,,,,,,,10111.0,0.0,0.0,0.0,0.0,0.0,0.0,0.0,0.0,dlps_NotPicked,0.0,0.0,0.0,null,null,null,tNO,3,1.0,10111.0,bost_Close,1.0,,dlt_Regular,VICTORIA,510101001,N,5537.0,-5,5537.0,MISCELA,COM,null,null,null,null,null,0.0,10111.0,0.0,10111.0,null,null,0.0,MISCELA,COM,null,null,null,null,null,null,tNO,null,null,null,null,5492,0.0,0.0,0.0,tNO,tNO,0.0,0.0,tNO,null,null,null,null,null,null,4574.0,0.0,4574.0,dpsManual,null,null,null,-1,Manual,1.0,0.0,null,0,0,null,null,null,null,null,dit_Item,tNO,tNO,null,null,12032.0,12032.0,0.0,12032.0,-1,null,tNO,0.0,null,-1,null,tNO,DESPACHO,PUMA 1357\r\rSANTIAGO\rCHILE,11,0.0,0.0,0.0,0.0,0,0,null,tNO,null,null,null,null,13.0,IVA,1,1921.0,1921.0,0.0,19.0,5492,3,3,0.0,0.0,0.0,0.0
,,,,,,,,,,,,,,,,,,,,,,,,,,,,,,,,,,,,,,,,,,,,,,,,,,,,,,,,,,,,,,,,,,,,,,,,,,,,,,,,,,,,,,,,,,,,,,,,,3579.0,0.0,0.0,0.0,0.0,0.0,0.0,0.0,0.0,dlps_NotPicked,0.0,0.0,0.0,null,null,null,tNO,4,1.0,3579.0,bost_Close,1.0,,dlt_Regular,VICTORIA,510101001,N,2117.0,-5,2117.0,MISCELA,COM,null,null,null,null,null,0.0,3579.0,0.0,3579.0,null,null,0.0,MISCELA,COM,null,null,null,null,null,null,tNO,null,null,null,null,5492,0.0,0.0,0.0,tNO,tNO,0.0,0.0,tNO,null,null,null,null,null,null,1462.0,0.0,1462.0,dpsManual,null,null,null,-1,Manual,1.0,0.0,null,0,0,null,null,null,null,null,dit_Item,tNO,tNO,null,null,4259.0,4259.0,0.0,4259.0,-1,null,tNO,0.0,null,-1,null,tNO,DESPACHO,PUMA 1357\r\rSANTIAGO\rCHILE,11,0.0,0.0,0.0,0.0,0,0,null,tNO,null,null,null,null,2265.0,IVA,1,680.0,680.0,0.0,19.0,5492,4,4,0.0,0.0,0.0,0.0
,,,,,,,,,,,,,,,,,,,,,,,,,,,,,,,,,,,,,,,,,,,,,,,,,,,,,,,,,,,,,,,,,,,,,,,,,,,,,,,,,,,,,,,,,,,,,,,,,2425.0,0.0,0.0,0.0,0.0,0.0,0.0,0.0,0.0,dlps_NotPicked,0.0,0.0,0.0,null,null,null,tNO,0,5.0,485.0,bost_Close,5.0,,dlt_Regular,VICTORIA,510101001,N,490.0,-5,2451.0,CBE,COM,null,null,null,null,null,0.0,2425.0,0.0,2425.0,null,null,0.0,CBE,COM,null,null,null,null,null,null,tNO,null,null,null,null,5584,0.0,0.0,0.0,tNO,tNO,0.0,0.0,tNO,null,null,null,null,null,null,-26.0,0.0,-26.0,dpsManual,null,null,null,-1,Manual,5.0,0.0,null,0,0,null,null,null,null,null,dit_Item,tNO,tNO,null,null,577.0,2885.0,0.0,2885.0,-1,null,tNO,0.0,null,-1,null,tNO,DESPACHO,SAN ISIDRO 45 OF. 803\r\rSANTIAGO\rCHILE,11,0.0,0.0,0.0,0.0,0,0,null,tNO,null,null,null,null,536.0,IVA,1,461.0,461.0,0.0,19.0,5584,0,0,0.0,0.0,0.0,0.0
,,,,,,,,,,,,,,,,,,,,,,,,,,,,,,,,,,,,,,,,,,,,,,,,,,,,,,,,,,,,,,,,,,,,,,,,,,,,,,,,,,,,,,,,,,,,,,,,,428.0,0.0,0.0,0.0,0.0,0.0,0.0,0.0,0.0,dlps_NotPicked,0.0,0.0,0.0,null,null,null,tNO,1,1.0,428.0,bost_Close,1.0,,dlt_Regular,VICTORIA,510101001,N,236.0,-5,236.0,CBE,COM,null,null,null,null,null,0.0,428.0,0.0,428.0,null,null,0.0,CBE,COM,null,null,null,null,null,null,tNO,null,null,null,null,5584,0.0,0.0,0.0,tNO,tNO,0.0,0.0,tNO,null,null,null,null,null,null,192.0,0.0,192.0,dpsManual,null,null,null,-1,Manual,1.0,0.0,null,0,0,null,null,null,null,null,dit_Item,tNO,tNO,null,null,509.0,509.0,0.0,509.0,-1,null,tNO,0.0,null,-1,null,tNO,DESPACHO,SAN ISIDRO 45 OF. 803\r\rSANTIAGO\rCHILE,11,0.0,0.0,0.0,0.0,0,0,null,tNO,null,null,null,null,1213.0,IVA,1,81.0,81.0,0.0,19.0,5584,1,1,0.0,0.0,0.0,0.0
,,,,,,,,,,,,,,,,,,,,,,,,,,,,,,,,,,,,,,,,,,,,,,,,,,,,,,,,,,,,,,,,,,,,,,,,,,,,,,,,,,,,,,,,,,,,,,,,,13919.0,0.0,0.0,0.0,0.0,0.0,0.0,0.0,0.0,dlps_NotPicked,0.0,0.0,0.0,null,null,null,tNO,0,3.0,4884.0,bost_Close,3.0,,dlt_Regular,VICTORIA,510101001,N,2516.0,-5,7549.0,MISCELA,COM,null,null,null,null,null,0.0,13919.0,0.0,13919.0,null,null,0.0,MISCELA,COM,null,null,null,null,null,null,tNO,null,null,null,null,5586,0.0,0.0,0.0,tNO,tNO,0.0,0.0,tNO,null,null,null,null,null,null,6370.0,0.0,6370.0,dpsManual,null,null,null,-1,Manual,3.0,0.0,null,0,0,null,null,null,null,null,dit_Item,tNO,tNO,null,null,5812.0,16566.0,0.0,16566.0,-1,null,tNO,0.0,null,-1,null,tNO,DESPACHO,LA UNION 8860\r\rSANTIAGO\rCHILE,11,0.0,0.0,0.0,0.0,0,0,null,tNO,null,null,null,null,854.0,IVA,1,2645.0,2645.0,0.0,19.0,5586,0,0,0.0,0.0,0.0,0.0
,,,,,,,,,,,,,,,,,,,,,,,,,,,,,,,,,,,,,,,,,,,,,,,,,,,,,,,,,,,,,,,,,,,,,,,,,,,,,,,,,,,,,,,,,,,,,,,,,1553.0,0.0,0.0,0.0,0.0,0.0,0.0,0.0,0.0,dlps_NotPicked,0.0,0.0,0.0,null,null,null,tNO,1,3.0,545.0,bost_Close,3.0,,dlt_Regular,VICTORIA,510101001,N,271.0,-5,812.0,MISCELA,COM,null,null,null,null,null,0.0,1553.0,0.0,1553.0,null,null,0.0,MISCELA,COM,null,null,null,null,null,null,tNO,null,null,null,null,5586,0.0,0.0,0.0,tNO,tNO,0.0,0.0,tNO,null,null,null,null,null,null,741.0,0.0,741.0,dpsManual,null,null,null,-1,Manual,3.0,0.0,null,0,0,null,null,null,null,null,dit_Item,tNO,tNO,null,null,649.0,1848.0,0.0,1848.0,-1,null,tNO,0.0,null,-1,null,tNO,DESPACHO,LA UNION 8860\r\rSANTIAGO\rCHILE,11,0.0,0.0,0.0,0.0,0,0,null,tNO,null,null,null,null,4750.0,IVA,1,295.0,295.0,0.0,19.0,5586,1,1,0.0,0.0,0.0,0.0
,,,,,,,,,,,,,,,,,,,,,,,,,,,,,,,,,,,,,,,,,,,,,,,,,,,,,,,,,,,,,,,,,,,,,,,,,,,,,,,,,,,,,,,,,,,,,,,,,6501.0,0.0,0.0,0.0,0.0,0.0,0.0,0.0,0.0,dlps_NotPicked,0.0,0.0,0.0,null,null,null,tNO,2,3.0,2281.0,bost_Close,3.0,,dlt_Regular,VICTORIA,510101001,N,1155.0,-5,3464.0,MISCELA,COM,null,null,null,null,null,0.0,6501.0,0.0,6501.0,null,null,0.0,MISCELA,COM,null,null,null,null,null,null,tNO,null,null,null,null,5586,0.0,0.0,0.0,tNO,tNO,0.0,0.0,tNO,null,null,null,null,null,null,3037.0,0.0,3037.0,dpsManual,null,null,null,-1,Manual,3.0,0.0,null,0,0,null,null,null,null,null,dit_Item,tNO,tNO,null,null,2714.0,7737.0,0.0,7737.0,-1,null,tNO,0.0,null,-1,null,tNO,DESPACHO,LA UNION 8860\r\rSANTIAGO\rCHILE,11,0.0,0.0,0.0,0.0,0,0,null,tNO,null,null,null,null,2013.0,IVA,1,1235.0,1235.0,0.0,19.0,5586,2,2,0.0,0.0,0.0,0.0
,,,,,,,,,,,,,,,,,,,,,,,,,,,,,,,,,,,,,,,,,,,,,,,,,,,,,,,,,,,,,,,,,,,,,,,,,,,,,,,,,,,,,,,,,,,,,,,,,6501.0,0.0,0.0,0.0,0.0,0.0,0.0,0.0,0.0,dlps_NotPicked,0.0,0.0,0.0,null,null,null,tNO,3,3.0,2281.0,bost_Close,3.0,,dlt_Regular,VICTORIA,510101001,N,1197.0,-5,3591.0,MISCELA,COM,null,null,null,null,null,0.0,6501.0,0.0,6501.0,null,null,0.0,MISCELA,COM,null,null,null,null,null,null,tNO,null,null,null,null,5586,0.0,0.0,0.0,tNO,tNO,0.0,0.0,tNO,null,null,null,null,null,null,2910.0,0.0,2910.0,dpsManual,null,null,null,-1,Manual,3.0,0.0,null,0,0,null,null,null,null,null,dit_Item,tNO,tNO,null,null,2714.0,7737.0,0.0,7737.0,-1,null,tNO,0.0,null,-1,null,tNO,DESPACHO,LA UNION 8860\r\rSANTIAGO\rCHILE,11,0.0,0.0,0.0,0.0,0,0,null,tNO,null,null,null,null,3235.0,IVA,1,1235.0,1235.0,0.0,19.0,5586,3,3,0.0,0.0,0.0,0.0
,,,,,,,,,,,,,,,,,,,,,,,,,,,,,,,,,,,,,,,,,,,,,,,,,,,,,,,,,,,,,,,,,,,,,,,,,,,,,,,,,,,,,,,,,,,,,,,,,27406.0,0.0,0.0,0.0,0.0,0.0,0.0,0.0,0.0,dlps_NotPicked,0.0,0.0,0.0,null,null,null,tNO,4,6.0,4808.0,bost_Close,6.0,,dlt_Regular,VICTORIA,510101001,N,2645.0,-5,15870.0,CBE,COM,null,null,null,null,null,0.0,27406.0,0.0,27406.0,null,null,0.0,CBE,COM,null,null,null,null,null,null,tNO,null,null,null,null,5586,0.0,0.0,0.0,tNO,tNO,0.0,0.0,tNO,null,null,null,null,null,null,11536.0,0.0,11536.0,dpsManual,null,null,null,-1,Manual,6.0,0.0,null,0,0,null,null,null,null,null,dit_Item,tNO,tNO,null,null,5722.0,32616.0,0.0,32616.0,-1,null,tNO,0.0,null,-1,null,tNO,DESPACHO,LA UNION 8860\r\rSANTIAGO\rCHILE,11,0.0,0.0,0.0,0.0,0,0,null,tNO,null,null,null,null,91.0,IVA,1,5207.0,5207.0,0.0,19.0,5586,4,4,0.0,0.0,0.0,0.0
,,,,,,,,,,,,,,,,,,,,,,,,,,,,,,,,,,,,,,,,,,,,,,,,,,,,,,,,,,,,,,,,,,,,,,,,,,,,,,,,,,,,,,,,,,,,,,,,,23150.0,0.0,0.0,0.0,0.0,0.0,0.0,0.0,0.0,dlps_NotPicked,0.0,0.0,0.0,null,null,null,tNO,0,50.0,463.0,bost_Close,50.0,,dlt_Regular,VICTORIA,510101001,N,228.0,-5,11390.0,MISCELA,COM,null,null,null,null,null,0.0,23150.0,0.0,23150.0,null,null,0.0,MISCELA,COM,null,null,null,null,null,null,tNO,null,null,null,null,5591,0.0,0.0,0.0,tNO,tNO,0.0,0.0,tNO,null,null,null,null,null,null,11760.0,0.0,11760.0,dpsManual,null,null,null,-1,Manual,50.0,0.0,null,0,0,null,null,null,null,null,dit_Item,tNO,tNO,null,null,551.0,27550.0,0.0,27550.0,-1,null,tNO,0.0,null,-1,null,tNO,DESPACHO,CARMEN COVARRUBIAS 32 OF.211\r\rSANTIAGO\rCHILE,11,0.0,0.0,0.0,0.0,0,0,null,tNO,null,null,null,null,10418.0,IVA,1,4399.0,4399.0,0.0,19.0,5591,0,0,0.0,0.0,0.0,0.0
,,,,,,,,,,,,,,,,,,,,,,,,,,,,,,,,,,,,,,,,,,,,,,,,,,,,,,,,,,,,,,,,,,,,,,,,,,,,,,,,,,,,,,,,,,,,,,,,,2955.0,0.0,0.0,0.0,0.0,0.0,0.0,0.0,0.0,dlps_NotPicked,0.0,0.0,0.0,null,null,null,tNO,1,3.0,985.0,bost_Close,3.0,,dlt_Regular,VICTORIA,510101001,N,476.0,-5,1429.0,MISCELA,COM,null,null,null,null,null,0.0,2955.0,0.0,2955.0,null,null,0.0,MISCELA,COM,null,null,null,null,null,null,tNO,null,null,null,null,5591,0.0,0.0,0.0,tNO,tNO,0.0,0.0,tNO,null,null,null,null,null,null,1526.0,0.0,1526.0,dpsManual,null,null,null,-1,Manual,3.0,0.0,null,0,0,null,null,null,null,null,dit_Item,tNO,tNO,null,null,1172.0,3516.0,0.0,3516.0,-1,null,tNO,0.0,null,-1,null,tNO,DESPACHO,CARMEN COVARRUBIAS 32 OF.211\r\rSANTIAGO\rCHILE,11,0.0,0.0,0.0,0.0,0,0,null,tNO,null,null,null,null,5884.0,IVA,1,561.0,561.0,0.0,19.0,5591,1,1,0.0,0.0,0.0,0.0
,,,,,,,,,,,,,,,,,,,,,,,,,,,,,,,,,,,,,,,,,,,,,,,,,,,,,,,,,,,,,,,,,,,,,,,,,,,,,,,,,,,,,,,,,,,,,,,,,988.0,0.0,0.0,0.0,0.0,0.0,0.0,0.0,0.0,dlps_NotPicked,0.0,0.0,0.0,null,null,null,tNO,2,1.0,988.0,bost_Close,1.0,,dlt_Regular,VICTORIA,510101001,N,521.0,-5,521.0,MISCELA,COM,null,null,null,null,null,0.0,988.0,0.0,988.0,null,null,0.0,MISCELA,COM,null,null,null,null,null,null,tNO,null,null,null,null,5591,0.0,0.0,0.0,tNO,tNO,0.0,0.0,tNO,null,null,null,null,null,null,467.0,0.0,467.0,dpsManual,null,null,null,-1,Manual,1.0,0.0,null,0,0,null,null,null,null,null,dit_Item,tNO,tNO,null,null,1176.0,1176.0,0.0,1176.0,-1,null,tNO,0.0,null,-1,null,tNO,DESPACHO,CARMEN COVARRUBIAS 32 OF.211\r\rSANTIAGO\rCHILE,11,0.0,0.0,0.0,0.0,0,0,null,tNO,null,null,null,null,2054.0,IVA,1,188.0,188.0,0.0,19.0,5591,2,2,0.0,0.0,0.0,0.0
,,,,,,,,,,,,,,,,,,,,,,,,,,,,,,,,,,,,,,,,,,,,,,,,,,,,,,,,,,,,,,,,,,,,,,,,,,,,,,,,,,,,,,,,,,,,,,,,,1376.0,0.0,0.0,0.0,0.0,0.0,0.0,0.0,0.0,dlps_NotPicked,0.0,0.0,0.0,null,null,null,tNO,3,1.0,1376.0,bost_Close,1.0,,dlt_Regular,VICTORIA,510101001,N,722.0,-5,722.0,MISCELA,COM,null,null,null,null,null,0.0,1376.0,0.0,1376.0,null,null,0.0,MISCELA,COM,null,null,null,null,null,null,tNO,null,null,null,null,5591,0.0,0.0,0.0,tNO,tNO,0.0,0.0,tNO,null,null,null,null,null,null,654.0,0.0,654.0,dpsManual,null,null,null,-1,Manual,1.0,0.0,null,0,0,null,null,null,null,null,dit_Item,tNO,tNO,null,null,1637.0,1637.0,0.0,1637.0,-1,null,tNO,0.0,null,-1,null,tNO,DESPACHO,CARMEN COVARRUBIAS 32 OF.211\r\rSANTIAGO\rCHILE,11,0.0,0.0,0.0,0.0,0,0,null,tNO,null,null,null,null,1917.0,IVA,1,261.0,261.0,0.0,19.0,5591,3,3,0.0,0.0,0.0,0.0
,,,,,,,,,,,,,,,,,,,,,,,,,,,,,,,,,,,,,,,,,,,,,,,,,,,,,,,,,,,,,,,,,,,,,,,,,,,,,,,,,,,,,,,,,,,,,,,,,8334.0,0.0,0.0,0.0,0.0,0.0,0.0,0.0,0.0,dlps_NotPicked,0.0,0.0,0.0,null,null,null,tNO,0,18.0,463.0,bost_Close,18.0,,dlt_Regular,VICTORIA,510101001,N,228.0,-5,4100.0,MISCELA,COM,null,null,null,null,null,0.0,8334.0,0.0,8334.0,null,null,0.0,MISCELA,COM,null,null,null,null,null,null,tNO,null,null,null,null,5592,0.0,0.0,0.0,tNO,tNO,0.0,0.0,tNO,null,null,null,null,null,null,4234.0,0.0,4234.0,dpsManual,null,null,null,-1,Manual,18.0,0.0,null,0,0,null,null,null,null,null,dit_Item,tNO,tNO,null,null,551.0,9918.0,0.0,9918.0,-1,null,tNO,0.0,null,-1,null,tNO,DESPACHO,CARMEN COVARRUBIAS 32 OF.211\r\rSANTIAGO\rCHILE,11,0.0,0.0,0.0,0.0,0,0,null,tNO,null,null,null,null,10418.0,IVA,1,1583.0,1583.0,0.0,19.0,5592,0,0,0.0,0.0,0.0,0.0
,,,,,,,,,,,,,,,,,,,,,,,,,,,,,,,,,,,,,,,,,,,,,,,,,,,,,,,,,,,,,,,,,,,,,,,,,,,,,,,,,,,,,,,,,,,,,,,,,4325.0,0.0,0.0,0.0,0.0,0.0,0.0,0.0,0.0,dlps_NotPicked,0.0,0.0,0.0,null,null,null,tNO,1,5.0,865.0,bost_Close,5.0,,dlt_Regular,VICTORIA,510101001,N,417.0,-5,2083.0,MISCELA,COM,null,null,null,null,null,0.0,4325.0,0.0,4325.0,null,null,0.0,MISCELA,COM,null,null,null,null,null,null,tNO,null,null,null,null,5592,0.0,0.0,0.0,tNO,tNO,0.0,0.0,tNO,null,null,null,null,null,null,2242.0,0.0,2242.0,dpsManual,null,null,null,-1,Manual,5.0,0.0,null,0,0,null,null,null,null,null,dit_Item,tNO,tNO,null,null,1029.0,5145.0,0.0,5145.0,-1,null,tNO,0.0,null,-1,null,tNO,DESPACHO,CARMEN COVARRUBIAS 32 OF.211\r\rSANTIAGO\rCHILE,11,0.0,0.0,0.0,0.0,0,0,null,tNO,null,null,null,null,8864.0,IVA,1,822.0,822.0,0.0,19.0,5592,1,1,0.0,0.0,0.0,0.0
,,,,,,,,,,,,,,,,,,,,,,,,,,,,,,,,,,,,,,,,,,,,,,,,,,,,,,,,,,,,,,,,,,,,,,,,,,,,,,,,,,,,,,,,,,,,,,,,,7880.0,0.0,0.0,0.0,0.0,0.0,0.0,0.0,0.0,dlps_NotPicked,0.0,0.0,0.0,null,null,null,tNO,2,8.0,985.0,bost_Close,8.0,,dlt_Regular,VICTORIA,510101001,N,476.0,-5,3810.0,MISCELA,COM,null,null,null,null,null,0.0,7880.0,0.0,7880.0,null,null,0.0,MISCELA,COM,null,null,null,null,null,null,tNO,null,null,null,null,5592,0.0,0.0,0.0,tNO,tNO,0.0,0.0,tNO,null,null,null,null,null,null,4070.0,0.0,4070.0,dpsManual,null,null,null,-1,Manual,8.0,0.0,null,0,0,null,null,null,null,null,dit_Item,tNO,tNO,null,null,1172.0,9376.0,0.0,9376.0,-1,null,tNO,0.0,null,-1,null,tNO,DESPACHO,CARMEN COVARRUBIAS 32 OF.211\r\rSANTIAGO\rCHILE,11,0.0,0.0,0.0,0.0,0,0,null,tNO,null,null,null,null,5884.0,IVA,1,1497.0,1497.0,0.0,19.0,5592,2,2,0.0,0.0,0.0,0.0
,,,,,,,,,,,,,,,,,,,,,,,,,,,,,,,,,,,,,,,,,,,,,,,,,,,,,,,,,,,,,,,,,,,,,,,,,,,,,,,,,,,,,,,,,,,,,,,,,4460.0,0.0,0.0,0.0,0.0,0.0,0.0,0.0,0.0,dlps_NotPicked,0.0,0.0,0.0,null,null,null,tNO,0,5.0,892.0,bost_Close,5.0,,dlt_Regular,VICTORIA,510101001,N,494.0,-5,2470.0,MISCELA,COM,null,null,null,null,null,0.0,4460.0,0.0,4460.0,null,null,0.0,MISCELA,COM,null,null,null,null,null,null,tNO,null,null,null,null,5603,0.0,0.0,0.0,tNO,tNO,0.0,0.0,tNO,null,null,null,null,null,null,1990.0,0.0,1990.0,dpsManual,null,null,null,-1,Manual,5.0,0.0,null,0,0,null,null,null,null,null,dit_Item,tNO,tNO,null,null,1061.0,5305.0,0.0,5305.0,-1,null,tNO,0.0,null,-1,null,tNO,DESPACHO,MEDINACELLI 1080\r\rSANTIAGO\rCHILE,11,0.0,0.0,0.0,0.0,0,0,null,tNO,null,null,null,null,535.0,IVA,1,847.0,847.0,0.0,19.0,5603,0,0,0.0,0.0,0.0,0.0
,,,,,,,,,,,,,,,,,,,,,,,,,,,,,,,,,,,,,,,,,,,,,,,,,,,,,,,,,,,,,,,,,,,,,,,,,,,,,,,,,,,,,,,,,,,,,,,,,4460.0,0.0,0.0,0.0,0.0,0.0,0.0,0.0,0.0,dlps_NotPicked,0.0,0.0,0.0,null,null,null,tNO,1,5.0,892.0,bost_Close,5.0,,dlt_Regular,VICTORIA,510101001,N,486.0,-5,2430.0,MISCELA,COM,null,null,null,null,null,0.0,4460.0,0.0,4460.0,null,null,0.0,MISCELA,COM,null,null,null,null,null,null,tNO,null,null,null,null,5603,0.0,0.0,0.0,tNO,tNO,0.0,0.0,tNO,null,null,null,null,null,null,2030.0,0.0,2030.0,dpsManual,null,null,null,-1,Manual,5.0,0.0,null,0,0,null,null,null,null,null,dit_Item,tNO,tNO,null,null,1061.0,5305.0,0.0,5305.0,-1,null,tNO,0.0,null,-1,null,tNO,DESPACHO,MEDINACELLI 1080\r\rSANTIAGO\rCHILE,11,0.0,0.0,0.0,0.0,0,0,null,tNO,null,null,null,null,800.0,IVA,1,848.0,848.0,0.0,19.0,5603,1,1,0.0,0.0,0.0,0.0